Community-Scale Greenhouse Gas (GHG) Emissions - Metric Ton Carbon Dioxide Equivalent (MTCO2e),,,,,
Data Acronyms:   CWC - Combined with Commercial    NDA - No Data Available,,,,,
Highlighted Data:,Data + CWC,, Data + NDA,,
* Further information on Notes Sheets,,,,,
Municipality,County,Municipality and County,Year,On-Road Vehicles,
Aberdeen township,Monmouth,"Aberdeen township, Monmouth County",2015,"49,605",
Aberdeen township,Monmouth,"Aberdeen township, Monmouth County",2020,"73,388",
Absecon city,Atlantic,"Absecon city, Atlantic County",2015,"46,725",
Absecon city,Atlantic,"Absecon city, Atlantic County",2020,"32,488",
Alexandria township,Hunterdon,"Alexandria township, Hunterdon County",2015,"19,086",
Alexandria township,Hunterdon,"Alexandria township, Hunterdon County",2020,"13,312",
Allamuchy township,Warren,"Allamuchy township, Warren County",2015,"18,071",
Allamuchy township,Warren,"Allamuchy township, Warren County",2020,"16,085",
Allendale borough,Bergen,"Allendale borough, Bergen County",2015,"27,772",
Allendale borough,Bergen,"Allendale borough, Bergen County",2020,"30,926",
Allenhurst borough,Monmouth,"Allenhurst borough, Monmouth County",2015,"1,488",
Allenhurst borough,Monmouth,"Allenhurst borough, Monmouth County",2020,"1,891",
Allentown borough,Monmouth,"Allentown borough, Monmouth County",2015,"4,314",
Allentown borough,Monmouth,"Allentown borough, Monmouth County",2020,"2,813",
Alloway township,Salem,"Alloway township, Salem County",2015,"9,783",
Alloway township,Salem,"Alloway township, Salem County",2020,"13,638",
Alpha borough,Warren,"Alpha borough, Warren County",2015,"10,647",
Alpha borough,Warren,"Alpha borough, Warren County",2020,"10,510",
Alpine borough,Bergen,"Alpine borough, Bergen County",2015,"6,379",
Alpine borough,Bergen,"Alpine borough, Bergen County",2020,"4,882",
Andover borough,Sussex,"Andover borough, Sussex County",2015,"1,964",
Andover borough,Sussex,"Andover borough, Sussex County",2020,"1,912",
Andover township,Sussex,"Andover township, Sussex County",2015,"20,502",
Andover township,Sussex,"Andover township, Sussex County",2020,"20,623",
Asbury Park city,Monmouth,"Asbury Park city, Monmouth County",2015,"33,448",
Asbury Park city,Monmouth,"Asbury Park city, Monmouth County",2020,"48,790",
Atlantic City city,Atlantic,"Atlantic City city, Atlantic County",2015,"119,473",
Atlantic City city,Atlantic,"Atlantic City city, Atlantic County",2020,"143,133",
Atlantic Highlands borough,Monmouth,"Atlantic Highlands borough, Monmouth County",2015,"11,515",
Atlantic Highlands borough,Monmouth,"Atlantic Highlands borough, Monmouth County",2020,"18,792",
Audubon borough,Camden,"Audubon borough, Camden County",2015,"22,619",
Audubon borough,Camden,"Audubon borough, Camden County",2020,"28,376",
Audubon Park borough,Camden,"Audubon Park borough, Camden County",2015,"2,270",
Audubon Park borough,Camden,"Audubon Park borough, Camden County",2020,"2,943",
Avalon borough,Cape May,"Avalon borough, Cape May County",2015,"4,469",
Avalon borough,Cape May,"Avalon borough, Cape May County",2020,"7,037",
Avon-by-the-Sea borough,Monmouth,"Avon-by-the-Sea borough, Monmouth County",2015,"4,064",
Avon-by-the-Sea borough,Monmouth,"Avon-by-the-Sea borough, Monmouth County",2020,"5,384",
Barnegat Light borough,Ocean,"Barnegat Light borough, Ocean County",2015,"1,045",
Barnegat Light borough,Ocean,"Barnegat Light borough, Ocean County",2020,"1,597",
Barnegat township,Ocean,"Barnegat township, Ocean County",2015,"50,871",
Barnegat township,Ocean,"Barnegat township, Ocean County",2020,"44,052",
Barrington borough,Camden,"Barrington borough, Camden County",2015,"20,214",
Barrington borough,Camden,"Barrington borough, Camden County",2020,"27,459",
Bass River township,Burlington,"Bass River township, Burlington County",2015,"10,145",
Bass River township,Burlington,"Bass River township, Burlington County",2020,"9,419",
Bay Head borough,Ocean,"Bay Head borough, Ocean County",2015,"2,787",
Bay Head borough,Ocean,"Bay Head borough, Ocean County",2020,"3,431",
Bayonne city,Hudson,"Bayonne city, Hudson County",2015,"152,759",
Bayonne city,Hudson,"Bayonne city, Hudson County",2020,"146,369",
Beach Haven borough,Ocean,"Beach Haven borough, Ocean County",2015,"3,288",
Beach Haven borough,Ocean,"Beach Haven borough, Ocean County",2020,"3,661",
Beachwood borough,Ocean,"Beachwood borough, Ocean County",2015,"20,165",
Beachwood borough,Ocean,"Beachwood borough, Ocean County",2020,"25,241",
Bedminster township,Somerset,"Bedminster township, Somerset County",2015,"61,448",
Bedminster township,Somerset,"Bedminster township, Somerset County",2020,"62,329",
Belleville township,Essex,"Belleville township, Essex County",2015,"80,397",
Belleville township,Essex,"Belleville township, Essex County",2020,"105,839",
Bellmawr borough,Camden,"Bellmawr borough, Camden County",2015,"36,176",
Bellmawr borough,Camden,"Bellmawr borough, Camden County",2020,"53,592",
Belmar borough,Monmouth,"Belmar borough, Monmouth County",2015,"14,078",
Belmar borough,Monmouth,"Belmar borough, Monmouth County",2020,"19,699",
Belvidere town,Warren,"Belvidere town, Warren County",2015,"16,752",
Belvidere town,Warren,"Belvidere town, Warren County",2020,"15,781",
Bergenfield borough,Bergen,"Bergenfield borough, Bergen County",2015,"55,225",
Bergenfield borough,Bergen,"Bergenfield borough, Bergen County",2020,"75,017",
Berkeley heights township,Union,"Berkeley heights township, Union County",2015,"49,415",
Berkeley heights township,Union,"Berkeley heights township, Union County",2020,"64,235",
Berkeley township,Ocean,"Berkeley township, Ocean County",2015,"96,388",
Berkeley township,Ocean,"Berkeley township, Ocean County",2020,"122,401",
Berlin borough,Camden,"Berlin borough, Camden County",2015,"30,491",
Berlin borough,Camden,"Berlin borough, Camden County",2020,"34,711",
Berlin township,Camden,"Berlin township, Camden County",2015,"30,530",
Berlin township,Camden,"Berlin township, Camden County",2020,"37,450",
Bernards township,Somerset,"Bernards township, Somerset County",2015,"124,036",
Bernards township,Somerset,"Bernards township, Somerset County",2020,"137,445",
Bernardsville borough,Somerset,"Bernardsville borough, Somerset County",2015,"32,798",
Bernardsville borough,Somerset,"Bernardsville borough, Somerset County",2020,"34,946",
Bethlehem township,Hunterdon,"Bethlehem township, Hunterdon County",2015,"27,267",
Bethlehem township,Hunterdon,"Bethlehem township, Hunterdon County",2020,"18,849",
Beverly city,Burlington,"Beverly city, Burlington County",2015,"5,028",
Beverly city,Burlington,"Beverly city, Burlington County",2020,"5,742",
Blairstown township,Warren,"Blairstown township, Warren County",2015,"19,785",
Blairstown township,Warren,"Blairstown township, Warren County",2020,"21,559",
Bloomfield township,Essex,"Bloomfield township, Essex County",2015,"109,723",
Bloomfield township,Essex,"Bloomfield township, Essex County",2020,"135,318",
Bloomingdale borough,Passaic,"Bloomingdale borough, Passaic County",2015,"21,858",
Bloomingdale borough,Passaic,"Bloomingdale borough, Passaic County",2020,"30,785",
Bloomsbury borough,Hunterdon,"Bloomsbury borough, Hunterdon County",2015,"5,506",
Bloomsbury borough,Hunterdon,"Bloomsbury borough, Hunterdon County",2020,"3,431",
Bogota borough,Bergen,"Bogota borough, Bergen County",2015,"12,229",
Bogota borough,Bergen,"Bogota borough, Bergen County",2020,"16,941",
Boonton Town,Morris,"Boonton Town, Morris County",2015,"15,422",
Boonton Town,Morris,"Boonton Town, Morris County",2020,"53,780",
Boonton township,Morris,"Boonton township, Morris County",2015,"40,562",
Boonton township,Morris,"Boonton township, Morris County",2020,"15,448",
Bordentown city,Burlington,"Bordentown city, Burlington County",2015,"15,599",
Bordentown city,Burlington,"Bordentown city, Burlington County",2020,"18,437",
Bordentown township,Burlington,"Bordentown township, Burlington County",2015,"52,291",
Bordentown township,Burlington,"Bordentown township, Burlington County",2020,"72,011",
Bound Brook borough,Somerset,"Bound Brook borough, Somerset County",2015,"33,918",
Bound Brook borough,Somerset,"Bound Brook borough, Somerset County",2020,"50,104",
Bradley Beach borough,Monmouth,"Bradley Beach borough, Monmouth County",2015,"8,593",
Bradley Beach borough,Monmouth,"Bradley Beach borough, Monmouth County",2020,"12,570",
Branchburg township,Somerset,"Branchburg township, Somerset County",2015,"81,917",
Branchburg township,Somerset,"Branchburg township, Somerset County",2020,"107,679",
Branchville borough,Sussex,"Branchville borough, Sussex County",2015,"2,857",
Branchville borough,Sussex,"Branchville borough, Sussex County",2020,"3,699",
Brick township,Ocean,"Brick township, Ocean County",2015,"174,897",
Brick township,Ocean,"Brick township, Ocean County",2020,"250,938",
Bridgeton city,Cumberland,"Bridgeton city, Cumberland County",2015,"28,121",
Bridgeton city,Cumberland,"Bridgeton city, Cumberland County",2020,"29,033",
Bridgewater township,Somerset,"Bridgewater township, Somerset County",2015,"224,371",
Bridgewater township,Somerset,"Bridgewater township, Somerset County",2020,"277,551",
Brielle borough,Monmouth,"Brielle borough, Monmouth County",2015,"14,185",
Brielle borough,Monmouth,"Brielle borough, Monmouth County",2020,"15,804",
Brigantine city,Atlantic,"Brigantine city, Atlantic County",2015,"9,751",
Brigantine city,Atlantic,"Brigantine city, Atlantic County",2020,"11,094",
Brooklawn borough,Camden,"Brooklawn borough, Camden County",2015,"7,195",
Brooklawn borough,Camden,"Brooklawn borough, Camden County",2020,"8,114",
Buena borough,Atlantic,"Buena borough, Atlantic County",2015,"32,062",
Buena borough,Atlantic,"Buena borough, Atlantic County",2020,"32,103",
Buena Vista township,Atlantic,"Buena Vista township, Atlantic County",2015,"20,593",
Buena Vista township,Atlantic,"Buena Vista township, Atlantic County",2020,"22,882",
Burlington city,Burlington,"Burlington city, Burlington County",2015,"32,589",
Burlington city,Burlington,"Burlington city, Burlington County",2020,"39,136",
Burlington township,Burlington,"Burlington township, Burlington County",2015,"109,540",
Burlington township,Burlington,"Burlington township, Burlington County",2020,"147,359",
Butler borough,Morris,"Butler borough, Morris County",2015,"34,734",
Butler borough,Morris,"Butler borough, Morris County",2020,"37,062",
Byram township,Sussex,"Byram township, Sussex County",2015,"22,538",
Byram township,Sussex,"Byram township, Sussex County",2020,"19,710",
Caldwell borough,Essex,"Caldwell borough, Essex County",2015,"23,907",
Caldwell borough,Essex,"Caldwell borough, Essex County",2020,"30,893",
Califon borough,Hunterdon,"Califon borough, Hunterdon County",2015,"3,605",
Califon borough,Hunterdon,"Califon borough, Hunterdon County",2020,"4,038",
Camden city,Camden,"Camden city, Camden County",2015,"178,878",
Camden city,Camden,"Camden city, Camden County",2020,"234,194",
Cape May City,Cape May,"Cape May City, Cape May County",2015,"3,595",
Cape May City,Cape May,"Cape May City, Cape May County",2020,"5,686",
Cape May Point borough,Cape May,"Cape May Point borough, Cape May County",2015,475,
Cape May Point borough,Cape May,"Cape May Point borough, Cape May County",2020,400,
Carlstadt borough,Bergen,"Carlstadt borough, Bergen County",2015,"67,557",
Carlstadt borough,Bergen,"Carlstadt borough, Bergen County",2020,"101,405",
Carneys Point township,Salem,"Carneys Point township, Salem County",2015,"55,748",
Carneys Point township,Salem,"Carneys Point township, Salem County",2020,"62,670",
Carteret borough,Middlesex,"Carteret borough, Middlesex County",2015,"78,565",
Carteret borough,Middlesex,"Carteret borough, Middlesex County",2020,"121,458",
Cedar Grove township,Essex,"Cedar Grove township, Essex County",2015,"37,045",
Cedar Grove township,Essex,"Cedar Grove township, Essex County",2020,"49,031",
Chatham borough,Morris,"Chatham borough, Morris County",2015,"32,488",
Chatham borough,Morris,"Chatham borough, Morris County",2020,"40,480",
Chatham township,Morris,"Chatham township, Morris County",2015,"33,832",
Chatham township,Morris,"Chatham township, Morris County",2020,"33,127",
Cherry Hill township,Camden,"Cherry Hill township, Camden County",2015,"312,130",
Cherry Hill township,Camden,"Cherry Hill township, Camden County",2020,"370,117",
Chesilhurst borough,Camden,"Chesilhurst borough, Camden County",2015,"4,594",
Chesilhurst borough,Camden,"Chesilhurst borough, Camden County",2020,"4,653",
Chester borough,Morris,"Chester borough, Morris County",2015,"17,921",
Chester borough,Morris,"Chester borough, Morris County",2020,"29,174",
Chester township,Morris,"Chester township, Morris County",2015,"29,397",
Chester township,Morris,"Chester township, Morris County",2020,"28,689",
Chesterfield township,Burlington,"Chesterfield township, Burlington County",2015,"20,391",
Chesterfield township,Burlington,"Chesterfield township, Burlington County",2020,"23,885",
Cinnaminson township,Burlington,"Cinnaminson township, Burlington County",2015,"54,735",
Cinnaminson township,Burlington,"Cinnaminson township, Burlington County",2020,"71,852",
City of Orange township,Essex,"City of Orange township, Essex County",2015,"57,105",
City of Orange township,Essex,"City of Orange township, Essex County",2020,"69,856",
Clark township,Union,"Clark township, Union County",2015,"48,160",
Clark township,Union,"Clark township, Union County",2020,"66,607",
Clayton borough,Gloucester,"Clayton borough, Gloucester County",2015,"33,880",
Clayton borough,Gloucester,"Clayton borough, Gloucester County",2020,"37,362",
Clementon borough,Camden,"Clementon borough, Camden County",2015,"12,540",
Clementon borough,Camden,"Clementon borough, Camden County",2020,"15,471",
Cliffside Park borough,Bergen,"Cliffside Park borough, Bergen County",2015,"35,444",
Cliffside Park borough,Bergen,"Cliffside Park borough, Bergen County",2020,"50,255",
Clifton city,Passaic,"Clifton city, Passaic County",2015,"220,883",
Clifton city,Passaic,"Clifton city, Passaic County",2020,"347,034",
Clinton town,Hunterdon,"Clinton town, Hunterdon County",2015,"26,463",
Clinton town,Hunterdon,"Clinton town, Hunterdon County",2020,"22,978",
Clinton township,Hunterdon,"Clinton township, Hunterdon County",2015,"57,729",
Clinton township,Hunterdon,"Clinton township, Hunterdon County",2020,"48,801",
Closter borough,Bergen,"Closter borough, Bergen County",2015,"29,760",
Closter borough,Bergen,"Closter borough, Bergen County",2020,"32,435",
Collingswood borough,Camden,"Collingswood borough, Camden County",2015,"30,841",
Collingswood borough,Camden,"Collingswood borough, Camden County",2020,"41,439",
Colts Neck township,Monmouth,"Colts Neck township, Monmouth County",2015,"48,303",
Colts Neck township,Monmouth,"Colts Neck township, Monmouth County",2020,"56,733",
Commercial township,Cumberland,"Commercial township, Cumberland County",2015,"9,712",
Commercial township,Cumberland,"Commercial township, Cumberland County",2020,"11,865",
Corbin City city,Atlantic,"Corbin City city, Atlantic County",2015,341,
Corbin City city,Atlantic,"Corbin City city, Atlantic County",2020,"7,628",
Cranbury township,Middlesex,"Cranbury township, Middlesex County",2015,"46,112",
Cranbury township,Middlesex,"Cranbury township, Middlesex County",2020,"57,023",
Cranford township,Union,"Cranford township, Union County",2015,"97,066",
Cranford township,Union,"Cranford township, Union County",2020,"123,848",
Cresskill borough,Bergen,"Cresskill borough, Bergen County",2015,"26,920",
Cresskill borough,Bergen,"Cresskill borough, Bergen County",2020,"29,084",
Deal borough,Monmouth,"Deal borough, Monmouth County",2015,"3,248",
Deal borough,Monmouth,"Deal borough, Monmouth County",2020,"4,288",
Deerfield township,Cumberland,"Deerfield township, Cumberland County",2015,"11,542",
Deerfield township,Cumberland,"Deerfield township, Cumberland County",2020,"11,187",
Delanco township,Burlington,"Delanco township, Burlington County",2015,"11,792",
Delanco township,Burlington,"Delanco township, Burlington County",2020,"14,107",
Delaware township,Hunterdon,"Delaware township, Hunterdon County",2015,"14,803",
Delaware township,Hunterdon,"Delaware township, Hunterdon County",2020,"8,556",
Delran township,Burlington,"Delran township, Burlington County",2015,"50,587",
Delran township,Burlington,"Delran township, Burlington County",2020,"61,415",
Demarest borough,Bergen,"Demarest borough, Bergen County",2015,"13,384",
Demarest borough,Bergen,"Demarest borough, Bergen County",2020,"12,316",
Dennis township,Cape May,"Dennis township, Cape May County",2015,"47,143",
Dennis township,Cape May,"Dennis township, Cape May County",2020,"61,098",
Denville township,Morris,"Denville township, Morris County",2015,"87,529",
Denville township,Morris,"Denville township, Morris County",2020,"113,624",
Deptford township,Gloucester,"Deptford township, Gloucester County",2015,"129,813",
Deptford township,Gloucester,"Deptford township, Gloucester County",2020,"164,534",
Dover town,Morris,"Dover town, Morris County",2015,"59,806",
Dover town,Morris,"Dover town, Morris County",2020,"82,403",
Downe township,Cumberland,"Downe township, Cumberland County",2015,"2,862",
Downe township,Cumberland,"Downe township, Cumberland County",2020,"3,131",
Dumont borough,Bergen,"Dumont borough, Bergen County",2015,"37,770",
Dumont borough,Bergen,"Dumont borough, Bergen County",2020,"49,127",
Dunellen borough,Middlesex,"Dunellen borough, Middlesex County",2015,"14,999",
Dunellen borough,Middlesex,"Dunellen borough, Middlesex County",2020,"20,353",
Eagleswood township,Ocean,"Eagleswood township, Ocean County",2015,"8,256",
Eagleswood township,Ocean,"Eagleswood township, Ocean County",2020,"7,662",
East Amwell township,Hunterdon,"East Amwell township, Hunterdon County",2015,"16,050",
East Amwell township,Hunterdon,"East Amwell township, Hunterdon County",2020,"10,391",
East Brunswick township,Middlesex,"East Brunswick township, Middlesex County",2015,"191,003",
East Brunswick township,Middlesex,"East Brunswick township, Middlesex County",2020,"232,377",
East Greenwich township,Gloucester,"East Greenwich township, Gloucester County",2015,"30,560",
East Greenwich township,Gloucester,"East Greenwich township, Gloucester County",2020,"44,910",
East Hanover township,Morris,"East Hanover township, Morris County",2015,"106,849",
East Hanover township,Morris,"East Hanover township, Morris County",2020,"126,659",
East Newark borough,Hudson,"East Newark borough, Hudson County",2015,"6,582",
East Newark borough,Hudson,"East Newark borough, Hudson County",2020,"3,719",
East Orange city,Essex,"East Orange city, Essex County",2015,"109,359",
East Orange city,Essex,"East Orange city, Essex County",2020,"141,003",
East Rutherford borough,Bergen,"East Rutherford borough, Bergen County",2015,"76,658",
East Rutherford borough,Bergen,"East Rutherford borough, Bergen County",2020,"110,861",
East Windsor township,Mercer,"East Windsor township, Mercer County",2015,"116,547",
East Windsor township,Mercer,"East Windsor township, Mercer County",2020,"124,233",
Eastampton township,Burlington,"Eastampton township, Burlington County",2015,"16,182",
Eastampton township,Burlington,"Eastampton township, Burlington County",2020,"18,622",
Eatontown borough,Monmouth,"Eatontown borough, Monmouth County",2015,"74,987",
Eatontown borough,Monmouth,"Eatontown borough, Monmouth County",2020,"130,566",
Edgewater borough,Bergen,"Edgewater borough, Bergen County",2015,"37,503",
Edgewater borough,Bergen,"Edgewater borough, Bergen County",2020,"49,707",
Edgewater Park township,Burlington,"Edgewater Park township, Burlington County",2015,"23,402",
Edgewater Park township,Burlington,"Edgewater Park township, Burlington County",2020,"28,441",
Edison township,Middlesex,"Edison township, Middlesex County",2015,"548,751",
Edison township,Middlesex,"Edison township, Middlesex County",2020,"623,144",
Egg Harbor City city,Atlantic,"Egg Harbor City city, Atlantic County",2015,"19,831",
Egg Harbor City city,Atlantic,"Egg Harbor City city, Atlantic County",2020,"19,768",
Egg Harbor township,Atlantic,"Egg Harbor township, Atlantic County",2015,"205,549",
Egg Harbor township,Atlantic,"Egg Harbor township, Atlantic County",2020,"232,932",
Elizabeth city,Union,"Elizabeth city, Union County",2015,"548,855",
Elizabeth city,Union,"Elizabeth city, Union County",2020,"587,312",
Elk township,Gloucester,"Elk township, Gloucester County",2015,"16,383",
Elk township,Gloucester,"Elk township, Gloucester County",2020,"19,720",
Elmer borough,Salem,"Elmer borough, Salem County",2015,"3,758",
Elmer borough,Salem,"Elmer borough, Salem County",2020,"5,987",
Elmwood Park borough,Bergen,"Elmwood Park borough, Bergen County",2015,"61,690",
Elmwood Park borough,Bergen,"Elmwood Park borough, Bergen County",2020,"100,903",
Elsinboro township,Salem,"Elsinboro township, Salem County",2015,"1,636",
Elsinboro township,Salem,"Elsinboro township, Salem County",2020,"1,907",
Emerson borough,Bergen,"Emerson borough, Bergen County",2015,"21,950",
Emerson borough,Bergen,"Emerson borough, Bergen County",2020,"34,427",
Englewood city,Bergen,"Englewood city, Bergen County",2015,"96,900",
Englewood city,Bergen,"Englewood city, Bergen County",2020,"121,606",
Englewood Cliffs borough,Bergen,"Englewood Cliffs borough, Bergen County",2015,"40,939",
Englewood Cliffs borough,Bergen,"Englewood Cliffs borough, Bergen County",2020,"30,928",
Englishtown borough,Monmouth,"Englishtown borough, Monmouth County",2015,"7,813",
Englishtown borough,Monmouth,"Englishtown borough, Monmouth County",2020,"9,007",
Essex Fells borough,Essex,"Essex Fells borough, Essex County",2015,"4,713",
Essex Fells borough,Essex,"Essex Fells borough, Essex County",2020,"4,726",
Estell Manor city,Atlantic,"Estell Manor city, Atlantic County",2015,"12,649",
Estell Manor city,Atlantic,"Estell Manor city, Atlantic County",2020,"15,276",
Evesham township,Burlington,"Evesham township, Burlington County",2015,"156,394",
Evesham township,Burlington,"Evesham township, Burlington County",2020,"182,411",
Ewing township,Mercer,"Ewing township, Mercer County",2015,"131,506",
Ewing township,Mercer,"Ewing township, Mercer County",2020,"166,682",
Fair Haven borough,Monmouth,"Fair Haven borough, Monmouth County",2015,"12,507",
Fair Haven borough,Monmouth,"Fair Haven borough, Monmouth County",2020,"15,514",
Fair Lawn borough,Bergen,"Fair Lawn borough, Bergen County",2015,"96,902",
Fair Lawn borough,Bergen,"Fair Lawn borough, Bergen County",2020,"148,757",
Fairfield township,Cumberland,"Fairfield township, Cumberland County",2015,"14,905",
Fairfield township,Cumberland,"Fairfield township, Cumberland County",2020,"18,497",
Fairfield township,Essex,"Fairfield township, Essex County",2015,"117,905",
Fairfield township,Essex,"Fairfield township, Essex County",2020,"161,553",
Fairview borough,Bergen,"Fairview borough, Bergen County",2015,"23,631",
Fairview borough,Bergen,"Fairview borough, Bergen County",2020,"35,819",
Fanwood borough,Union,"Fanwood borough, Union County",2015,"14,184",
Fanwood borough,Union,"Fanwood borough, Union County",2020,"21,595",
Far Hills borough,Somerset,"Far Hills borough, Somerset County",2015,"4,900",
Far Hills borough,Somerset,"Far Hills borough, Somerset County",2020,"5,222",
Farmingdale borough,Monmouth,"Farmingdale borough, Monmouth County",2015,"13,759",
Farmingdale borough,Monmouth,"Farmingdale borough, Monmouth County",2020,"16,086",
Fieldsboro borough,Burlington,"Fieldsboro borough, Burlington County",2015,"1,776",
Fieldsboro borough,Burlington,"Fieldsboro borough, Burlington County",2020,"2,389",
Flemington borough,Hunterdon,"Flemington borough, Hunterdon County",2015,"60,826",
Flemington borough,Hunterdon,"Flemington borough, Hunterdon County",2020,"54,631",
Florence township,Burlington,"Florence township, Burlington County",2015,"40,620",
Florence township,Burlington,"Florence township, Burlington County",2020,"70,314",
Florham Park borough,Morris,"Florham Park borough, Morris County",2015,"84,876",
Florham Park borough,Morris,"Florham Park borough, Morris County",2020,"114,647",
Folsom borough,Atlantic,"Folsom borough, Atlantic County",2015,"45,039",
Folsom borough,Atlantic,"Folsom borough, Atlantic County",2020,"38,698",
Fort Lee borough,Bergen,"Fort Lee borough, Bergen County",2015,"105,222",
Fort Lee borough,Bergen,"Fort Lee borough, Bergen County",2020,"105,330",
Frankford township,Sussex,"Frankford township, Sussex County",2015,"22,813",
Frankford township,Sussex,"Frankford township, Sussex County",2020,"24,971",
Franklin borough,Sussex,"Franklin borough, Sussex County",2015,"16,758",
Franklin borough,Sussex,"Franklin borough, Sussex County",2020,"23,301",
Franklin Lakes borough,Bergen,"Franklin Lakes borough, Bergen County",2015,"63,561",
Franklin Lakes borough,Bergen,"Franklin Lakes borough, Bergen County",2020,"71,973",
Franklin township,Gloucester,"Franklin township, Gloucester County",2015,"69,766",
Franklin township,Gloucester,"Franklin township, Gloucester County",2020,"73,039",
Franklin township,Hunterdon,"Franklin township, Hunterdon County",2015,"18,142",
Franklin township,Hunterdon,"Franklin township, Hunterdon County",2020,"20,446",
Franklin township,Somerset,"Franklin township, Somerset County",2015,"254,553",
Franklin township,Somerset,"Franklin township, Somerset County",2020,"322,086",
Franklin township,Warren,"Franklin township, Warren County",2015,"12,153",
Franklin township,Warren,"Franklin township, Warren County",2020,"9,974",
Fredon township,Sussex,"Fredon township, Sussex County",2015,"11,303",
Fredon township,Sussex,"Fredon township, Sussex County",2020,"10,461",
Freehold borough,Monmouth,"Freehold borough, Monmouth County",2015,"29,592",
Freehold borough,Monmouth,"Freehold borough, Monmouth County",2020,"42,253",
Freehold township,Monmouth,"Freehold township, Monmouth County",2015,"192,968",
Freehold township,Monmouth,"Freehold township, Monmouth County",2020,"217,594",
Frelinghuysen township,Warren,"Frelinghuysen township, Warren County",2015,"8,114",
Frelinghuysen township,Warren,"Frelinghuysen township, Warren County",2020,"5,398",
Frenchtown borough,Hunterdon,"Frenchtown borough, Hunterdon County",2015,"8,888",
Frenchtown borough,Hunterdon,"Frenchtown borough, Hunterdon County",2020,"5,608",
Galloway township,Atlantic,"Galloway township, Atlantic County",2015,"163,363",
Galloway township,Atlantic,"Galloway township, Atlantic County",2020,"157,214",
Garfield city,Bergen,"Garfield city, Bergen County",2015,"60,744",
Garfield city,Bergen,"Garfield city, Bergen County",2020,"100,936",
Garwood borough,Union,"Garwood borough, Union County",2015,"16,259",
Garwood borough,Union,"Garwood borough, Union County",2020,"21,118",
Gibbsboro borough,Camden,"Gibbsboro borough, Camden County",2015,"9,350",
Gibbsboro borough,Camden,"Gibbsboro borough, Camden County",2020,"14,464",
Glassboro borough,Gloucester,"Glassboro borough, Gloucester County",2015,"77,391",
Glassboro borough,Gloucester,"Glassboro borough, Gloucester County",2020,"95,290",
Glen Gardner borough,Hunterdon,"Glen Gardner borough, Hunterdon County",2015,"5,469",
Glen Gardner borough,Hunterdon,"Glen Gardner borough, Hunterdon County",2020,"5,702",
Glen Ridge borough,Essex,"Glen Ridge borough, Essex County",2015,"12,691",
Glen Ridge borough,Essex,"Glen Ridge borough, Essex County",2020,"12,477",
Glen Rock borough,Bergen,"Glen Rock borough, Bergen County",2015,"31,391",
Glen Rock borough,Bergen,"Glen Rock borough, Bergen County",2020,"39,878",
Gloucester City city,Camden,"Gloucester City city, Camden County",2015,"32,400",
Gloucester City city,Camden,"Gloucester City city, Camden County",2020,"42,994",
Gloucester township,Camden,"Gloucester township, Camden County",2015,"207,755",
Gloucester township,Camden,"Gloucester township, Camden County",2020,"248,639",
Green Brook township,Somerset,"Green Brook township, Somerset County",2015,"10,108",
Green Brook township,Somerset,"Green Brook township, Somerset County",2020,"39,108",
Green township,Sussex,"Green township, Sussex County",2015,"27,231",
Green township,Sussex,"Green township, Sussex County",2020,"7,482",
Greenwich township,Cumberland,"Greenwich township, Cumberland County",2015,"1,336",
Greenwich township,Cumberland,"Greenwich township, Cumberland County",2020,"1,623",
Greenwich township,Gloucester,"Greenwich township, Gloucester County",2015,"22,019",
Greenwich township,Gloucester,"Greenwich township, Gloucester County",2020,"28,471",
Greenwich township,Warren,"Greenwich township, Warren County",2015,"24,855",
Greenwich township,Warren,"Greenwich township, Warren County",2020,"15,890",
Guttenberg town,Hudson,"Guttenberg town, Hudson County",2015,"16,601",
Guttenberg town,Hudson,"Guttenberg town, Hudson County",2020,"13,672",
Hackensack city,Bergen,"Hackensack city, Bergen County",2015,"204,769",
Hackensack city,Bergen,"Hackensack city, Bergen County",2020,"304,122",
Hackettstown town,Warren,"Hackettstown town, Warren County",2015,"49,284",
Hackettstown town,Warren,"Hackettstown town, Warren County",2020,"54,007",
Haddon Heights borough,Camden,"Haddon Heights borough, Camden County",2015,"22,398",
Haddon Heights borough,Camden,"Haddon Heights borough, Camden County",2020,"30,285",
Haddon township,Camden,"Haddon township, Camden County",2015,"35,187",
Haddon township,Camden,"Haddon township, Camden County",2020,"47,057",
Haddonfield borough,Camden,"Haddonfield borough, Camden County",2015,"34,756",
Haddonfield borough,Camden,"Haddonfield borough, Camden County",2020,"48,120",
Hainesport township,Burlington,"Hainesport township, Burlington County",2015,"23,955",
Hainesport township,Burlington,"Hainesport township, Burlington County",2020,"29,663",
Haledon borough,Passaic,"Haledon borough, Passaic County",2015,"14,510",
Haledon borough,Passaic,"Haledon borough, Passaic County",2020,"20,002",
Hamburg borough,Sussex,"Hamburg borough, Sussex County",2015,"11,604",
Hamburg borough,Sussex,"Hamburg borough, Sussex County",2020,"13,869",
Hamilton township,Atlantic,"Hamilton township, Atlantic County",2015,"210,886",
Hamilton township,Atlantic,"Hamilton township, Atlantic County",2020,"279,769",
Hamilton township,Mercer,"Hamilton township, Mercer County",2015,"333,464",
Hamilton township,Mercer,"Hamilton township, Mercer County",2020,"421,795",
Hammonton town,Atlantic,"Hammonton town, Atlantic County",2015,"119,541",
Hammonton town,Atlantic,"Hammonton town, Atlantic County",2020,"140,514",
Hampton borough,Hunterdon,"Hampton borough, Hunterdon County",2015,"5,277",
Hampton borough,Hunterdon,"Hampton borough, Hunterdon County",2020,"5,469",
Hampton township,Sussex,"Hampton township, Sussex County",2015,"16,952",
Hampton township,Sussex,"Hampton township, Sussex County",2020,"18,412",
Hanover township,Morris,"Hanover township, Morris County",2015,"97,184",
Hanover township,Morris,"Hanover township, Morris County",2020,"135,490",
Harding township,Morris,"Harding township, Morris County",2015,"14,358",
Harding township,Morris,"Harding township, Morris County",2020,"13,658",
Hardwick township,Warren,"Hardwick township, Warren County",2015,"16,705",
Hardwick township,Warren,"Hardwick township, Warren County",2020,"4,221",
Hardyston township,Sussex,"Hardyston township, Sussex County",2015,"23,479",
Hardyston township,Sussex,"Hardyston township, Sussex County",2020,"28,463",
Harmony township,Warren,"Harmony township, Warren County",2015,"9,302",
Harmony township,Warren,"Harmony township, Warren County",2020,"9,121",
Harrington Park borough,Bergen,"Harrington Park borough, Bergen County",2015,"14,791",
Harrington Park borough,Bergen,"Harrington Park borough, Bergen County",2020,"17,570",
Harrison town,Hudson,"Harrison town, Hudson County",2015,"48,263",
Harrison town,Hudson,"Harrison town, Hudson County",2020,"36,287",
Harrison township,Gloucester,"Harrison township, Gloucester County",2015,"43,971",
Harrison township,Gloucester,"Harrison township, Gloucester County",2020,"64,452",
Harvey Cedars borough,Ocean,"Harvey Cedars borough, Ocean County",2015,"1,877",
Harvey Cedars borough,Ocean,"Harvey Cedars borough, Ocean County",2020,"1,555",
Hasbrouck Heights borough,Bergen,"Hasbrouck Heights borough, Bergen County",2015,"28,538",
Hasbrouck Heights borough,Bergen,"Hasbrouck Heights borough, Bergen County",2020,"44,658",
Haworth borough,Bergen,"Haworth borough, Bergen County",2015,"10,000",
Haworth borough,Bergen,"Haworth borough, Bergen County",2020,"13,647",
Hawthorne borough,Passaic,"Hawthorne borough, Passaic County",2015,"55,143",
Hawthorne borough,Passaic,"Hawthorne borough, Passaic County",2020,"74,922",
Hazlet township,Monmouth,"Hazlet township, Monmouth County",2015,"54,456",
Hazlet township,Monmouth,"Hazlet township, Monmouth County",2020,"82,436",
Helmetta borough,Middlesex,"Helmetta borough, Middlesex County",2015,"5,674",
Helmetta borough,Middlesex,"Helmetta borough, Middlesex County",2020,"7,460",
High Bridge borough,Hunterdon,"High Bridge borough, Hunterdon County",2015,"15,093",
High Bridge borough,Hunterdon,"High Bridge borough, Hunterdon County",2020,"13,770",
Highland Park borough,Middlesex,"Highland Park borough, Middlesex County",2015,"30,772",
Highland Park borough,Middlesex,"Highland Park borough, Middlesex County",2020,"41,875",
Highlands borough,Monmouth,"Highlands borough, Monmouth County",2015,"10,449",
Highlands borough,Monmouth,"Highlands borough, Monmouth County",2020,"18,049",
Hightstown borough,Mercer,"Hightstown borough, Mercer County",2015,"20,027",
Hightstown borough,Mercer,"Hightstown borough, Mercer County",2020,"22,488",
Hillsborough township,Somerset,"Hillsborough township, Somerset County",2015,"132,726",
Hillsborough township,Somerset,"Hillsborough township, Somerset County",2020,"154,944",
Hillsdale borough,Bergen,"Hillsdale borough, Bergen County",2015,"27,242",
Hillsdale borough,Bergen,"Hillsdale borough, Bergen County",2020,"36,911",
Hillside township,Union,"Hillside township, Union County",2015,"57,663",
Hillside township,Union,"Hillside township, Union County",2020,"87,518",
Hi-Nella borough,Camden,"Hi-Nella borough, Camden County",2015,"1,938",
Hi-Nella borough,Camden,"Hi-Nella borough, Camden County",2020,"3,379",
Hoboken city,Hudson,"Hoboken city, Hudson County",2015,"136,265",
Hoboken city,Hudson,"Hoboken city, Hudson County",2020,"101,897",
Ho-Ho-Kus borough,Bergen,"Ho-Ho-Kus borough, Bergen County",2015,"12,485",
Ho-Ho-Kus borough,Bergen,"Ho-Ho-Kus borough, Bergen County",2020,"13,880",
Holland township,Hunterdon,"Holland township, Hunterdon County",2015,"19,453",
Holland township,Hunterdon,"Holland township, Hunterdon County",2020,"15,299",
Holmdel township,Monmouth,"Holmdel township, Monmouth County",2015,"72,538",
Holmdel township,Monmouth,"Holmdel township, Monmouth County",2020,"99,064",
Hopatcong borough,Sussex,"Hopatcong borough, Sussex County",2015,"46,307",
Hopatcong borough,Sussex,"Hopatcong borough, Sussex County",2020,"36,290",
Hope township,Warren,"Hope township, Warren County",2015,"9,474",
Hope township,Warren,"Hope township, Warren County",2020,"7,065",
Hopewell borough,Mercer,"Hopewell borough, Mercer County",2015,"8,458",
Hopewell borough,Mercer,"Hopewell borough, Mercer County",2020,"11,002",
Hopewell township,Cumberland,"Hopewell township, Cumberland County",2015,"9,381",
Hopewell township,Cumberland,"Hopewell township, Cumberland County",2020,"10,889",
Hopewell township,Mercer,"Hopewell township, Mercer County",2015,"91,548",
Hopewell township,Mercer,"Hopewell township, Mercer County",2020,"115,216",
Howell township,Monmouth,"Howell township, Monmouth County",2015,"183,610",
Howell township,Monmouth,"Howell township, Monmouth County",2020,"208,146",
Independence township,Warren,"Independence township, Warren County",2015,"15,805",
Independence township,Warren,"Independence township, Warren County",2020,"13,531",
Interlaken borough,Monmouth,"Interlaken borough, Monmouth County",2015,"1,640",
Interlaken borough,Monmouth,"Interlaken borough, Monmouth County",2020,"1,630",
Irvington township,Essex,"Irvington township, Essex County",2015,"79,736",
Irvington township,Essex,"Irvington township, Essex County",2020,"111,194",
Island Heights borough,Ocean,"Island Heights borough, Ocean County",2015,"3,684",
Island Heights borough,Ocean,"Island Heights borough, Ocean County",2020,"4,655",
Jackson township,Ocean,"Jackson township, Ocean County",2015,"184,512",
Jackson township,Ocean,"Jackson township, Ocean County",2020,"170,405",
Jamesburg borough,Middlesex,"Jamesburg borough, Middlesex County",2015,"22,192",
Jamesburg borough,Middlesex,"Jamesburg borough, Middlesex County",2020,"24,641",
Jefferson township,Morris,"Jefferson township, Morris County",2015,"78,031",
Jefferson township,Morris,"Jefferson township, Morris County",2020,"88,682",
Jersey City city ,Hudson,"Jersey City city , Hudson County",2015,"861,958",
Jersey City city ,Hudson,"Jersey City city , Hudson County",2020,"573,525",
Keansburg borough,Monmouth,"Keansburg borough, Monmouth County",2015,"20,995",
Keansburg borough,Monmouth,"Keansburg borough, Monmouth County",2020,"19,665",
Kearny town,Hudson,"Kearny town, Hudson County",2015,"190,275",
Kearny town,Hudson,"Kearny town, Hudson County",2020,"139,314",
Kenilworth borough,Union,"Kenilworth borough, Union County",2015,"78,918",
Kenilworth borough,Union,"Kenilworth borough, Union County",2020,"94,250",
Keyport borough,Monmouth,"Keyport borough, Monmouth County",2015,"20,670",
Keyport borough,Monmouth,"Keyport borough, Monmouth County",2020,"34,019",
Kingwood township,Hunterdon,"Kingwood township, Hunterdon County",2015,"16,680",
Kingwood township,Hunterdon,"Kingwood township, Hunterdon County",2020,"10,966",
Kinnelon borough,Morris,"Kinnelon borough, Morris County",2015,"37,997",
Kinnelon borough,Morris,"Kinnelon borough, Morris County",2020,"34,978",
Knowlton township,Warren,"Knowlton township, Warren County",2015,"16,006",
Knowlton township,Warren,"Knowlton township, Warren County",2020,"8,134",
Lacey township,Ocean,"Lacey township, Ocean County",2015,"84,382",
Lacey township,Ocean,"Lacey township, Ocean County",2020,"90,315",
Lafayette township,Sussex,"Lafayette township, Sussex County",2015,"11,963",
Lafayette township,Sussex,"Lafayette township, Sussex County",2020,"14,429",
Lake Como borough,Monmouth,"Lake Como borough, Monmouth County",2015,"3,722",
Lake Como borough,Monmouth,"Lake Como borough, Monmouth County",2020,"5,016",
Lakehurst borough,Ocean,"Lakehurst borough, Ocean County",2015,"10,219",
Lakehurst borough,Ocean,"Lakehurst borough, Ocean County",2020,"10,930",
Lakewood township,Ocean,"Lakewood township, Ocean County",2015,"195,245",
Lakewood township,Ocean,"Lakewood township, Ocean County",2020,"278,906",
Lambertville city,Hunterdon,"Lambertville city, Hunterdon County",2015,"33,331",
Lambertville city,Hunterdon,"Lambertville city, Hunterdon County",2020,"8,973",
Laurel Springs borough,Camden,"Laurel Springs borough, Camden County",2015,"4,190",
Laurel Springs borough,Camden,"Laurel Springs borough, Camden County",2020,"5,409",
Lavallette borough,Ocean,"Lavallette borough, Ocean County",2015,"5,194",
Lavallette borough,Ocean,"Lavallette borough, Ocean County",2020,"5,730",
Lawnside borough,Camden,"Lawnside borough, Camden County",2015,"13,083",
Lawnside borough,Camden,"Lawnside borough, Camden County",2020,"17,876",
Lawrence township,Cumberland,"Lawrence township, Cumberland County",2015,"9,630",
Lawrence township,Cumberland,"Lawrence township, Cumberland County",2020,"12,481",
Lawrence township,Mercer,"Lawrence township, Mercer County",2015,"168,040",
Lawrence township,Mercer,"Lawrence township, Mercer County",2020,"214,346",
Lebanon borough,Hunterdon,"Lebanon borough, Hunterdon County",2015,"14,107",
Lebanon borough,Hunterdon,"Lebanon borough, Hunterdon County",2020,"18,965",
Lebanon township,Hunterdon,"Lebanon township, Hunterdon County",2015,"19,000",
Lebanon township,Hunterdon,"Lebanon township, Hunterdon County",2020,"19,201",
Leonia borough,Bergen,"Leonia borough, Bergen County",2015,"19,555",
Leonia borough,Bergen,"Leonia borough, Bergen County",2020,"23,441",
Liberty township,Warren,"Liberty township, Warren County",2015,"9,679",
Liberty township,Warren,"Liberty township, Warren County",2020,"7,712",
Lincoln Park borough,Morris,"Lincoln Park borough, Morris County",2015,"48,656",
Lincoln Park borough,Morris,"Lincoln Park borough, Morris County",2020,"53,594",
Linden city,Union,"Linden city, Union County",2015,"162,024",
Linden city,Union,"Linden city, Union County",2020,"198,088",
Lindenwold borough,Camden,"Lindenwold borough, Camden County",2015,"38,034",
Lindenwold borough,Camden,"Lindenwold borough, Camden County",2020,"46,283",
Linwood city,Atlantic,"Linwood city, Atlantic County",2015,"33,817",
Linwood city,Atlantic,"Linwood city, Atlantic County",2020,"23,844",
Little Egg Harbor township,Ocean,"Little Egg Harbor township, Ocean County",2015,"44,304",
Little Egg Harbor township,Ocean,"Little Egg Harbor township, Ocean County",2020,"46,922",
Little Falls township,Passaic,"Little Falls township, Passaic County",2015,"44,171",
Little Falls township,Passaic,"Little Falls township, Passaic County",2020,"61,014",
Little Ferry borough,Bergen,"Little Ferry borough, Bergen County",2015,"27,585",
Little Ferry borough,Bergen,"Little Ferry borough, Bergen County",2020,"41,249",
Little Silver borough,Monmouth,"Little Silver borough, Monmouth County",2015,"16,837",
Little Silver borough,Monmouth,"Little Silver borough, Monmouth County",2020,"24,120",
Livingston township,Essex,"Livingston township, Essex County",2015,"132,599",
Livingston township,Essex,"Livingston township, Essex County",2020,"154,499",
Loch Arbour village,Monmouth,"Loch Arbour village, Monmouth County",2015,545,
Loch Arbour village,Monmouth,"Loch Arbour village, Monmouth County",2020,456,
Lodi borough,Bergen,"Lodi borough, Bergen County",2015,"51,336",
Lodi borough,Bergen,"Lodi borough, Bergen County",2020,"83,288",
Logan township,Gloucester,"Logan township, Gloucester County",2015,"53,694",
Logan township,Gloucester,"Logan township, Gloucester County",2020,"83,100",
Long Beach township,Ocean,"Long Beach township, Ocean County",2015,"10,389",
Long Beach township,Ocean,"Long Beach township, Ocean County",2020,"9,965",
Long Branch city,Monmouth,"Long Branch city, Monmouth County",2015,"75,653",
Long Branch city,Monmouth,"Long Branch city, Monmouth County",2020,"113,694",
Long Hill township,Morris,"Long Hill township, Morris County",2015,"39,093",
Long Hill township,Morris,"Long Hill township, Morris County",2020,"44,685",
Longport borough,Atlantic,"Longport borough, Atlantic County",2015,"3,821",
Longport borough,Atlantic,"Longport borough, Atlantic County",2020,"4,314",
Lopatcong township,Warren,"Lopatcong township, Warren County",2015,"32,712",
Lopatcong township,Warren,"Lopatcong township, Warren County",2020,"24,865",
Lower Alloways Creek township,Salem,"Lower Alloways Creek township, Salem County",2015,"21,723",
Lower Alloways Creek township,Salem,"Lower Alloways Creek township, Salem County",2020,"13,314",
Lower township,Cape May,"Lower township, Cape May County",2015,"45,066",
Lower township,Cape May,"Lower township, Cape May County",2020,"54,498",
Lumberton township,Burlington,"Lumberton township, Burlington County",2015,"45,027",
Lumberton township,Burlington,"Lumberton township, Burlington County",2020,"58,217",
Lyndhurst township,Bergen,"Lyndhurst township, Bergen County",2015,"69,455",
Lyndhurst township,Bergen,"Lyndhurst township, Bergen County",2020,"112,283",
Madison borough,Morris,"Madison borough, Morris County",2015,"67,184",
Madison borough,Morris,"Madison borough, Morris County",2020,"81,661",
Magnolia borough,Camden,"Magnolia borough, Camden County",2015,"10,502",
Magnolia borough,Camden,"Magnolia borough, Camden County",2020,"13,570",
Mahwah township,Bergen,"Mahwah township, Bergen County",2015,"168,189",
Mahwah township,Bergen,"Mahwah township, Bergen County",2020,"149,204",
Manalapan township,Monmouth,"Manalapan township, Monmouth County",2015,"128,806",
Manalapan township,Monmouth,"Manalapan township, Monmouth County",2020,"134,824",
Manasquan borough,Monmouth,"Manasquan borough, Monmouth County",2015,"17,831",
Manasquan borough,Monmouth,"Manasquan borough, Monmouth County",2020,"19,391",
Manchester township,Ocean,"Manchester township, Ocean County",2015,"102,592",
Manchester township,Ocean,"Manchester township, Ocean County",2020,"119,373",
Mannington township,Salem,"Mannington township, Salem County",2015,"10,460",
Mannington township,Salem,"Mannington township, Salem County",2020,"17,120",
Mansfield township,Burlington,"Mansfield township, Burlington County",2015,"30,838",
Mansfield township,Burlington,"Mansfield township, Burlington County",2020,"42,237",
Mansfield township,Warren,"Mansfield township, Warren County",2015,"22,965",
Mansfield township,Warren,"Mansfield township, Warren County",2020,"22,712",
Mantoloking borough,Ocean,"Mantoloking borough, Ocean County",2015,778,
Mantoloking borough,Ocean,"Mantoloking borough, Ocean County",2020,747,
Mantua township,Gloucester,"Mantua township, Gloucester County",2015,"56,662",
Mantua township,Gloucester,"Mantua township, Gloucester County",2020,"71,242",
Manville borough,Somerset,"Manville borough, Somerset County",2015,"22,892",
Manville borough,Somerset,"Manville borough, Somerset County",2020,"38,590",
Maple Shade township,Burlington,"Maple Shade township, Burlington County",2015,"51,577",
Maple Shade township,Burlington,"Maple Shade township, Burlington County",2020,"64,767",
Maplewood township,Essex,"Maplewood township, Essex County",2015,"53,028",
Maplewood township,Essex,"Maplewood township, Essex County",2020,"62,449",
Margate City city,Atlantic,"Margate City city, Atlantic County",2015,"8,686",
Margate City city,Atlantic,"Margate City city, Atlantic County",2020,"11,539",
Marlboro township,Monmouth,"Marlboro township, Monmouth County",2015,"125,358",
Marlboro township,Monmouth,"Marlboro township, Monmouth County",2020,"164,085",
Matawan borough,Monmouth,"Matawan borough, Monmouth County",2015,"33,393",
Matawan borough,Monmouth,"Matawan borough, Monmouth County",2020,"44,453",
Maurice River township,Cumberland,"Maurice River township, Cumberland County",2015,"31,743",
Maurice River township,Cumberland,"Maurice River township, Cumberland County",2020,"41,814",
Maywood borough,Bergen,"Maywood borough, Bergen County",2015,"23,166",
Maywood borough,Bergen,"Maywood borough, Bergen County",2020,"34,571",
Medford Lakes borough,Burlington,"Medford Lakes borough, Burlington County",2015,"10,792",
Medford Lakes borough,Burlington,"Medford Lakes borough, Burlington County",2020,"11,338",
Medford township,Burlington,"Medford township, Burlington County",2015,"82,970",
Medford township,Burlington,"Medford township, Burlington County",2020,"98,093",
Mendham borough,Morris,"Mendham borough, Morris County",2015,"14,923",
Mendham borough,Morris,"Mendham borough, Morris County",2020,"24,942",
Mendham township,Morris,"Mendham township, Morris County",2015,"22,351",
Mendham township,Morris,"Mendham township, Morris County",2020,"17,750",
Merchantville borough,Camden,"Merchantville borough, Camden County",2015,"8,767",
Merchantville borough,Camden,"Merchantville borough, Camden County",2020,"11,280",
Metuchen borough,Middlesex,"Metuchen borough, Middlesex County",2015,"49,054",
Metuchen borough,Middlesex,"Metuchen borough, Middlesex County",2020,"57,766",
Middle township,Cape May,"Middle township, Cape May County",2015,"128,723",
Middle township,Cape May,"Middle township, Cape May County",2020,"147,920",
Middlesex borough,Middlesex,"Middlesex borough, Middlesex County",2015,"51,125",
Middlesex borough,Middlesex,"Middlesex borough, Middlesex County",2020,"84,609",
Middletown township,Monmouth,"Middletown township, Monmouth County",2015,"174,720",
Middletown township,Monmouth,"Middletown township, Monmouth County",2020,"257,881",
Midland Park borough,Bergen,"Midland Park borough, Bergen County",2015,"29,432",
Midland Park borough,Bergen,"Midland Park borough, Bergen County",2020,"40,633",
Milford borough,Hunterdon,"Milford borough, Hunterdon County",2015,"7,783",
Milford borough,Hunterdon,"Milford borough, Hunterdon County",2020,"4,664",
Millburn township,Essex,"Millburn township, Essex County",2015,"110,316",
Millburn township,Essex,"Millburn township, Essex County",2020,"124,499",
Millstone borough,Somerset,"Millstone borough, Somerset County",2015,836,
Millstone borough,Somerset,"Millstone borough, Somerset County",2020,"1,128",
Millstone township,Monmouth,"Millstone township, Monmouth County",2015,"35,666",
Millstone township,Monmouth,"Millstone township, Monmouth County",2020,"27,584",
Milltown borough,Middlesex,"Milltown borough, Middlesex County",2015,"19,567",
Milltown borough,Middlesex,"Milltown borough, Middlesex County",2020,"40,338",
Millville city,Cumberland,"Millville city, Cumberland County",2015,"75,293",
Millville city,Cumberland,"Millville city, Cumberland County",2020,"82,395",
Mine Hill township,Morris,"Mine Hill township, Morris County",2015,"9,742",
Mine Hill township,Morris,"Mine Hill township, Morris County",2020,"12,526",
Monmouth Beach borough,Monmouth,"Monmouth Beach borough, Monmouth County",2015,"8,687",
Monmouth Beach borough,Monmouth,"Monmouth Beach borough, Monmouth County",2020,"10,898",
Monroe township,Gloucester,"Monroe township, Gloucester County",2015,"129,104",
Monroe township,Gloucester,"Monroe township, Gloucester County",2020,"143,100",
Monroe township,Middlesex,"Monroe township, Middlesex County",2015,"121,664",
Monroe township,Middlesex,"Monroe township, Middlesex County",2020,"130,570",
Montague township,Sussex,"Montague township, Sussex County",2015,"9,414",
Montague township,Sussex,"Montague township, Sussex County",2020,"6,462",
Montclair township,Essex,"Montclair township, Essex County",2015,"149,539",
Montclair township,Essex,"Montclair township, Essex County",2020,"170,480",
Montgomery township,Somerset,"Montgomery township, Somerset County",2015,"95,656",
Montgomery township,Somerset,"Montgomery township, Somerset County",2020,"73,428",
Montvale borough,Bergen,"Montvale borough, Bergen County",2015,"39,934",
Montvale borough,Bergen,"Montvale borough, Bergen County",2020,"35,847",
Montville township,Morris,"Montville township, Morris County",2015,"104,877",
Montville township,Morris,"Montville township, Morris County",2020,"129,681",
Moonachie borough,Bergen,"Moonachie borough, Bergen County",2015,"31,629",
Moonachie borough,Bergen,"Moonachie borough, Bergen County",2020,"52,509",
Moorestown township,Burlington,"Moorestown township, Burlington County",2015,"123,346",
Moorestown township,Burlington,"Moorestown township, Burlington County",2020,"132,759",
Morris Plains borough,Morris,"Morris Plains borough, Morris County",2015,"37,773",
Morris Plains borough,Morris,"Morris Plains borough, Morris County",2020,"49,978",
Morris township,Morris,"Morris township, Morris County",2015,"84,596",
Morris township,Morris,"Morris township, Morris County",2020,"90,430",
Morristown Town,Morris,"Morristown Town, Morris County",2015,"149,971",
Morristown Town,Morris,"Morristown Town, Morris County",2020,"218,184",
Mount Arlington borough,Morris,"Mount Arlington borough, Morris County",2015,"23,505",
Mount Arlington borough,Morris,"Mount Arlington borough, Morris County",2020,"27,955",
Mount Ephraim borough,Camden,"Mount Ephraim borough, Camden County",2015,"12,057",
Mount Ephraim borough,Camden,"Mount Ephraim borough, Camden County",2020,"16,143",
Mount Holly township,Burlington,"Mount Holly township, Burlington County",2015,"40,912",
Mount Holly township,Burlington,"Mount Holly township, Burlington County",2020,"50,890",
Mount Laurel township,Burlington,"Mount Laurel township, Burlington County",2015,"191,672",
Mount Laurel township,Burlington,"Mount Laurel township, Burlington County",2020,"249,637",
Mount Olive township,Morris,"Mount Olive township, Morris County",2015,"106,855",
Mount Olive township,Morris,"Mount Olive township, Morris County",2020,"143,908",
Mountain Lakes borough,Morris,"Mountain Lakes borough, Morris County",2015,"23,214",
Mountain Lakes borough,Morris,"Mountain Lakes borough, Morris County",2020,"27,131",
Mountainside borough,Union,"Mountainside borough, Union County",2015,"36,018",
Mountainside borough,Union,"Mountainside borough, Union County",2020,"57,670",
Mullica township,Atlantic,"Mullica township, Atlantic County",2015,"64,425",
Mullica township,Atlantic,"Mullica township, Atlantic County",2020,"66,983",
National Park borough,Gloucester,"National Park borough, Gloucester County",2015,"8,003",
National Park borough,Gloucester,"National Park borough, Gloucester County",2020,"10,195",
Neptune City borough,Monmouth,"Neptune City borough, Monmouth County",2015,"94,483",
Neptune City borough,Monmouth,"Neptune City borough, Monmouth County",2020,"17,295",
Neptune township,Monmouth,"Neptune township, Monmouth County",2015,"12,818",
Neptune township,Monmouth,"Neptune township, Monmouth County",2020,"133,571",
Netcong borough,Morris,"Netcong borough, Morris County",2015,"16,419",
Netcong borough,Morris,"Netcong borough, Morris County",2020,"25,332",
New Brunswick city,Middlesex,"New Brunswick city, Middlesex County",2015,"199,147",
New Brunswick city,Middlesex,"New Brunswick city, Middlesex County",2020,"240,723",
New Hanover township,Burlington,"New Hanover township, Burlington County",2015,"22,356",
New Hanover township,Burlington,"New Hanover township, Burlington County",2020,"35,664",
New Milford borough,Bergen,"New Milford borough, Bergen County",2015,"35,883",
New Milford borough,Bergen,"New Milford borough, Bergen County",2020,"51,117",
New Providence borough,Union,"New Providence borough, Union County",2015,"49,356",
New Providence borough,Union,"New Providence borough, Union County",2020,"65,095",
Newark city,Essex,"Newark city, Essex County",2015,"1,024,969",
Newark city,Essex,"Newark city, Essex County",2020,"1,194,028",
Newfield borough,Gloucester,"Newfield borough, Gloucester County",2015,"6,752",
Newfield borough,Gloucester,"Newfield borough, Gloucester County",2020,"8,902",
Newton town,Sussex,"Newton town, Sussex County",2015,"28,243",
Newton town,Sussex,"Newton town, Sussex County",2020,"39,085",
North Arlington borough,Bergen,"North Arlington borough, Bergen County",2015,"31,643",
North Arlington borough,Bergen,"North Arlington borough, Bergen County",2020,"49,919",
North Bergen township,Hudson,"North Bergen township, Hudson County",2015,"207,933",
North Bergen township,Hudson,"North Bergen township, Hudson County",2020,"165,007",
North Brunswick township,Middlesex,"North Brunswick township, Middlesex County",2015,"169,446",
North Brunswick township,Middlesex,"North Brunswick township, Middlesex County",2020,"207,732",
North Caldwell borough,Essex,"North Caldwell borough, Essex County",2015,"13,650",
North Caldwell borough,Essex,"North Caldwell borough, Essex County",2020,"13,204",
North Haledon borough,Passaic,"North Haledon borough, Passaic County",2015,"19,926",
North Haledon borough,Passaic,"North Haledon borough, Passaic County",2020,"26,439",
North Hanover township,Burlington,"North Hanover township, Burlington County",2015,"21,587",
North Hanover township,Burlington,"North Hanover township, Burlington County",2020,"23,884",
North Plainfield borough,Somerset,"North Plainfield borough, Somerset County",2015,"42,659",
North Plainfield borough,Somerset,"North Plainfield borough, Somerset County",2020,"68,259",
North Wildwood city,Cape May,"North Wildwood city, Cape May County",2015,"5,493",
North Wildwood city,Cape May,"North Wildwood city, Cape May County",2020,"7,894",
Northfield city,Atlantic,"Northfield city, Atlantic County",2015,"44,998",
Northfield city,Atlantic,"Northfield city, Atlantic County",2020,"44,609",
Northvale borough,Bergen,"Northvale borough, Bergen County",2015,"8,853",
Northvale borough,Bergen,"Northvale borough, Bergen County",2020,"17,332",
Norwood borough,Bergen,"Norwood borough, Bergen County",2015,"15,863",
Norwood borough,Bergen,"Norwood borough, Bergen County",2020,"14,575",
Nutley township,Essex,"Nutley township, Essex County",2015,"78,503",
Nutley township,Essex,"Nutley township, Essex County",2020,"97,541",
Oakland borough,Bergen,"Oakland borough, Bergen County",2015,"57,868",
Oakland borough,Bergen,"Oakland borough, Bergen County",2020,"76,289",
Oaklyn borough,Camden,"Oaklyn borough, Camden County",2015,"9,151",
Oaklyn borough,Camden,"Oaklyn borough, Camden County",2020,"11,677",
Ocean City city,Cape May,"Ocean City city, Cape May County",2015,"40,894",
Ocean City city,Cape May,"Ocean City city, Cape May County",2020,"34,803",
Ocean Gate borough,Ocean,"Ocean Gate borough, Ocean County",2015,"4,294",
Ocean Gate borough,Ocean,"Ocean Gate borough, Ocean County",2020,"4,837",
Ocean township,Monmouth,"Ocean township, Monmouth County",2015,"81,036",
Ocean township,Monmouth,"Ocean township, Monmouth County",2020,"126,412",
Ocean township,Ocean,"Ocean township, Ocean County",2015,"25,003",
Ocean township,Ocean,"Ocean township, Ocean County",2020,"23,295",
Oceanport borough,Monmouth,"Oceanport borough, Monmouth County",2015,"25,132",
Oceanport borough,Monmouth,"Oceanport borough, Monmouth County",2020,"40,861",
Ogdensburg borough,Sussex,"Ogdensburg borough, Sussex County",2015,"6,626",
Ogdensburg borough,Sussex,"Ogdensburg borough, Sussex County",2020,"11,363",
Old Bridge township,Middlesex,"Old Bridge township, Middlesex County",2015,"165,846",
Old Bridge township,Middlesex,"Old Bridge township, Middlesex County",2020,"243,734",
Old Tappan borough,Bergen,"Old Tappan borough, Bergen County",2015,"17,813",
Old Tappan borough,Bergen,"Old Tappan borough, Bergen County",2020,"12,269",
Oldmans township,Salem,"Oldmans township, Salem County",2015,"39,827",
Oldmans township,Salem,"Oldmans township, Salem County",2020,"44,407",
Oradell borough,Bergen,"Oradell borough, Bergen County",2015,"27,863",
Oradell borough,Bergen,"Oradell borough, Bergen County",2020,"37,219",
Oxford township,Warren,"Oxford township, Warren County",2015,"11,809",
Oxford township,Warren,"Oxford township, Warren County",2020,"10,916",
Palisades Park borough,Bergen,"Palisades Park borough, Bergen County",2015,"31,975",
Palisades Park borough,Bergen,"Palisades Park borough, Bergen County",2020,"56,558",
Palmyra borough,Burlington,"Palmyra borough, Burlington County",2015,"18,368",
Palmyra borough,Burlington,"Palmyra borough, Burlington County",2020,"22,489",
Paramus borough,Bergen,"Paramus borough, Bergen County",2015,"257,302",
Paramus borough,Bergen,"Paramus borough, Bergen County",2020,"356,348",
Park Ridge borough,Bergen,"Park Ridge borough, Bergen County",2015,"24,547",
Park Ridge borough,Bergen,"Park Ridge borough, Bergen County",2020,"28,093",
Parsippany-Troy Hills township,Morris,"Parsippany-Troy Hills township, Morris County",2015,"322,917",
Parsippany-Troy Hills township,Morris,"Parsippany-Troy Hills township, Morris County",2020,"411,389",
Passaic city,Passaic,"Passaic city, Passaic County",2015,"112,591",
Passaic city,Passaic,"Passaic city, Passaic County",2020,"159,561",
Paterson city,Passaic,"Paterson city, Passaic County",2015,"291,080",
Paterson city,Passaic,"Paterson city, Passaic County",2020,"418,553",
Paulsboro borough,Gloucester,"Paulsboro borough, Gloucester County",2015,"18,444",
Paulsboro borough,Gloucester,"Paulsboro borough, Gloucester County",2020,"25,921",
Peapack and Gladstone borough,Somerset,"Peapack and Gladstone borough, Somerset County",2015,"16,716",
Peapack and Gladstone borough,Somerset,"Peapack and Gladstone borough, Somerset County",2020,"15,926",
Pemberton borough,Burlington,"Pemberton borough, Burlington County",2015,"5,085",
Pemberton borough,Burlington,"Pemberton borough, Burlington County",2020,"5,524",
Pemberton township,Burlington,"Pemberton township, Burlington County",2015,"89,920",
Pemberton township,Burlington,"Pemberton township, Burlington County",2020,"103,525",
Pennington borough,Mercer,"Pennington borough, Mercer County",2015,"13,829",
Pennington borough,Mercer,"Pennington borough, Mercer County",2020,"15,650",
Penns Grove borough,Salem,"Penns Grove borough, Salem County",2015,"5,529",
Penns Grove borough,Salem,"Penns Grove borough, Salem County",2020,"5,544",
Pennsauken township,Camden,"Pennsauken township, Camden County",2015,"116,363",
Pennsauken township,Camden,"Pennsauken township, Camden County",2020,"147,662",
Pennsville township,Salem,"Pennsville township, Salem County",2015,"51,249",
Pennsville township,Salem,"Pennsville township, Salem County",2020,"51,734",
Pequannock township,Morris,"Pequannock township, Morris County",2015,"68,652",
Pequannock township,Morris,"Pequannock township, Morris County",2020,"78,161",
Perth Amboy city,Middlesex,"Perth Amboy city, Middlesex County",2015,"123,768",
Perth Amboy city,Middlesex,"Perth Amboy city, Middlesex County",2020,"160,243",
Phillipsburg town,Warren,"Phillipsburg town, Warren County",2015,"41,471",
Phillipsburg town,Warren,"Phillipsburg town, Warren County",2020,"35,633",
Pilesgrove township,Salem,"Pilesgrove township, Salem County",2015,"40,981",
Pilesgrove township,Salem,"Pilesgrove township, Salem County",2020,"47,252",
Pine Beach borough,Ocean,"Pine Beach borough, Ocean County",2015,"4,273",
Pine Beach borough,Ocean,"Pine Beach borough, Ocean County",2020,"5,289",
Pine Hill borough,Camden,"Pine Hill borough, Camden County",2015,"23,036",
Pine Hill borough,Camden,"Pine Hill borough, Camden County",2020,"28,913",
Pine Valley borough,Camden,"Pine Valley borough, Camden County",2015,571,
Pine Valley borough,Camden,"Pine Valley borough, Camden County",2020,790,
Piscataway township,Middlesex,"Piscataway township, Middlesex County",2015,"277,775",
Piscataway township,Middlesex,"Piscataway township, Middlesex County",2020,"350,118",
Pitman borough,Gloucester,"Pitman borough, Gloucester County",2015,"27,604",
Pitman borough,Gloucester,"Pitman borough, Gloucester County",2020,"30,554",
Pittsgrove township,Salem,"Pittsgrove township, Salem County",2015,"40,103",
Pittsgrove township,Salem,"Pittsgrove township, Salem County",2020,"40,504",
Plainfield city,Union,"Plainfield city, Union County",2015,"90,488",
Plainfield city,Union,"Plainfield city, Union County",2020,"147,980",
Plainsboro township,Middlesex,"Plainsboro township, Middlesex County",2015,"132,297",
Plainsboro township,Middlesex,"Plainsboro township, Middlesex County",2020,"75,512",
Pleasantville city,Atlantic,"Pleasantville city, Atlantic County",2015,"50,104",
Pleasantville city,Atlantic,"Pleasantville city, Atlantic County",2020,"83,225",
Plumsted township,Ocean,"Plumsted township, Ocean County",2015,"28,589",
Plumsted township,Ocean,"Plumsted township, Ocean County",2020,"22,039",
Pohatcong township,Warren,"Pohatcong township, Warren County",2015,"13,939",
Pohatcong township,Warren,"Pohatcong township, Warren County",2020,"20,428",
Point Pleasant Beach borough,Ocean,"Point Pleasant Beach borough, Ocean County",2015,"15,895",
Point Pleasant Beach borough,Ocean,"Point Pleasant Beach borough, Ocean County",2020,"25,455",
Point Pleasant borough,Ocean,"Point Pleasant borough, Ocean County",2015,"43,821",
Point Pleasant borough,Ocean,"Point Pleasant borough, Ocean County",2020,"59,680",
Pompton Lakes borough,Passaic,"Pompton Lakes borough, Passaic County",2015,"29,583",
Pompton Lakes borough,Passaic,"Pompton Lakes borough, Passaic County",2020,"40,549",
Port Republic city,Atlantic,"Port Republic city, Atlantic County",2015,"24,591",
Port Republic city,Atlantic,"Port Republic city, Atlantic County",2020,"27,549",
Princeton,Mercer,"Princeton, Mercer County",2015,"133,441",
Princeton,Mercer,"Princeton, Mercer County",2020,"147,584",
Prospect Park borough,Passaic,"Prospect Park borough, Passaic County",2015,"8,243",
Prospect Park borough,Passaic,"Prospect Park borough, Passaic County",2020,"11,449",
Quinton township,Salem,"Quinton township, Salem County",2015,"24,015",
Quinton township,Salem,"Quinton township, Salem County",2020,"21,409",
Rahway city,Union,"Rahway city, Union County",2015,"84,146",
Rahway city,Union,"Rahway city, Union County",2020,"111,353",
Ramsey borough,Bergen,"Ramsey borough, Bergen County",2015,"80,747",
Ramsey borough,Bergen,"Ramsey borough, Bergen County",2020,"75,498",
Randolph township,Morris,"Randolph township, Morris County",2015,"97,082",
Randolph township,Morris,"Randolph township, Morris County",2020,"129,275",
Raritan borough,Somerset,"Raritan borough, Somerset County",2015,"94,879",
Raritan borough,Somerset,"Raritan borough, Somerset County",2020,"62,124",
Raritan township,Hunterdon,"Raritan township, Hunterdon County",2015,"50,132",
Raritan township,Hunterdon,"Raritan township, Hunterdon County",2020,"84,919",
Readington township,Hunterdon,"Readington township, Hunterdon County",2015,"76,541",
Readington township,Hunterdon,"Readington township, Hunterdon County",2020,"66,983",
Red Bank borough,Monmouth,"Red Bank borough, Monmouth County",2015,"60,214",
Red Bank borough,Monmouth,"Red Bank borough, Monmouth County",2020,"96,960",
Ridgefield borough,Bergen,"Ridgefield borough, Bergen County",2015,"34,297",
Ridgefield borough,Bergen,"Ridgefield borough, Bergen County",2020,"55,798",
Ridgefield Park village,Bergen,"Ridgefield Park village, Bergen County",2015,"32,049",
Ridgefield Park village,Bergen,"Ridgefield Park village, Bergen County",2020,"44,337",
Ridgewood village,Bergen,"Ridgewood village, Bergen County",2015,"89,028",
Ridgewood village,Bergen,"Ridgewood village, Bergen County",2020,"107,087",
Ringwood borough,Passaic,"Ringwood borough, Passaic County",2015,"30,806",
Ringwood borough,Passaic,"Ringwood borough, Passaic County",2020,"40,711",
River Edge borough,Bergen,"River Edge borough, Bergen County",2015,"26,752",
River Edge borough,Bergen,"River Edge borough, Bergen County",2020,"40,450",
River Vale township,Bergen,"River Vale township, Bergen County",2015,"28,038",
River Vale township,Bergen,"River Vale township, Bergen County",2020,"31,619",
Riverdale borough,Morris,"Riverdale borough, Morris County",2015,"28,689",
Riverdale borough,Morris,"Riverdale borough, Morris County",2020,"30,913",
Riverside township,Burlington,"Riverside township, Burlington County",2015,"16,935",
Riverside township,Burlington,"Riverside township, Burlington County",2020,"19,096",
Riverton borough,Burlington,"Riverton borough, Burlington County",2015,"6,844",
Riverton borough,Burlington,"Riverton borough, Burlington County",2020,"8,093",
Robbinsville township,Mercer,"Robbinsville township, Mercer County",2015,"50,645",
Robbinsville township,Mercer,"Robbinsville township, Mercer County",2020,"72,485",
Rochelle Park township,Bergen,"Rochelle Park township, Bergen County",2015,"27,835",
Rochelle Park township,Bergen,"Rochelle Park township, Bergen County",2020,"41,779",
Rockaway borough,Morris,"Rockaway borough, Morris County",2015,"36,297",
Rockaway borough,Morris,"Rockaway borough, Morris County",2020,"57,908",
Rockaway township,Morris,"Rockaway township, Morris County",2015,"107,146",
Rockaway township,Morris,"Rockaway township, Morris County",2020,"141,345",
Rockleigh borough,Bergen,"Rockleigh borough, Bergen County",2015,"17,202",
Rockleigh borough,Bergen,"Rockleigh borough, Bergen County",2020,"5,357",
Rocky Hill borough,Somerset,"Rocky Hill borough, Somerset County",2015,"4,097",
Rocky Hill borough,Somerset,"Rocky Hill borough, Somerset County",2020,"2,795",
Roosevelt borough,Monmouth,"Roosevelt borough, Monmouth County",2015,"3,397",
Roosevelt borough,Monmouth,"Roosevelt borough, Monmouth County",2020,"2,927",
Roseland borough,Essex,"Roseland borough, Essex County",2015,"47,542",
Roseland borough,Essex,"Roseland borough, Essex County",2020,"56,147",
Roselle borough,Union,"Roselle borough, Union County",2015,"36,018",
Roselle borough,Union,"Roselle borough, Union County",2020,"55,939",
Roselle Park borough,Union,"Roselle Park borough, Union County",2015,"20,369",
Roselle Park borough,Union,"Roselle Park borough, Union County",2020,"32,801",
Roxbury township,Morris,"Roxbury township, Morris County",2015,"101,938",
Roxbury township,Morris,"Roxbury township, Morris County",2020,"128,474",
Rumson borough,Monmouth,"Rumson borough, Monmouth County",2015,"16,906",
Rumson borough,Monmouth,"Rumson borough, Monmouth County",2020,"20,985",
Runnemede borough,Camden,"Runnemede borough, Camden County",2015,"23,869",
Runnemede borough,Camden,"Runnemede borough, Camden County",2020,"32,112",
Rutherford borough,Bergen,"Rutherford borough, Bergen County",2015,"46,818",
Rutherford borough,Bergen,"Rutherford borough, Bergen County",2020,"66,992",
Saddle Brook township,Bergen,"Saddle Brook township, Bergen County",2015,"53,559",
Saddle Brook township,Bergen,"Saddle Brook township, Bergen County",2020,"78,568",
Saddle River borough,Bergen,"Saddle River borough, Bergen County",2015,"24,873",
Saddle River borough,Bergen,"Saddle River borough, Bergen County",2020,"30,662",
Salem city,Salem,"Salem city, Salem County",2015,"15,357",
Salem city,Salem,"Salem city, Salem County",2020,"15,387",
Sandyston township,Sussex,"Sandyston township, Sussex County",2015,"7,461",
Sandyston township,Sussex,"Sandyston township, Sussex County",2020,"5,037",
Sayreville borough,Middlesex,"Sayreville borough, Middlesex County",2015,"127,129",
Sayreville borough,Middlesex,"Sayreville borough, Middlesex County",2020,"182,947",
Scotch Plains township,Union,"Scotch Plains township, Union County",2015,"63,134",
Scotch Plains township,Union,"Scotch Plains township, Union County",2020,"85,648",
Sea Bright borough,Monmouth,"Sea Bright borough, Monmouth County",2015,"4,386",
Sea Bright borough,Monmouth,"Sea Bright borough, Monmouth County",2020,"6,570",
Sea Girt borough,Monmouth,"Sea Girt borough, Monmouth County",2015,"7,679",
Sea Girt borough,Monmouth,"Sea Girt borough, Monmouth County",2020,"7,652",
Sea Isle City city,Cape May,"Sea Isle City city, Cape May County",2015,"4,704",
Sea Isle City city,Cape May,"Sea Isle City city, Cape May County",2020,"6,576",
Seaside Heights borough,Ocean,"Seaside Heights borough, Ocean County",2015,NDA,
Seaside Heights borough,Ocean,"Seaside Heights borough, Ocean County",2020,NDA,
Seaside Park borough,Ocean,"Seaside Park borough, Ocean County",2015,"2,808",
Seaside Park borough,Ocean,"Seaside Park borough, Ocean County",2020,"4,551",
Secaucus town,Hudson,"Secaucus town, Hudson County",2015,"254,228",
Secaucus town,Hudson,"Secaucus town, Hudson County",2020,"208,583",
Shamong township,Burlington,"Shamong township, Burlington County",2015,"18,779",
Shamong township,Burlington,"Shamong township, Burlington County",2020,"21,676",
Shiloh borough,Cumberland,"Shiloh borough, Cumberland County",2015,"8,686",
Shiloh borough,Cumberland,"Shiloh borough, Cumberland County",2020,"9,411",
Ship Bottom borough,Ocean,"Ship Bottom borough, Ocean County",2015,"5,820",
Ship Bottom borough,Ocean,"Ship Bottom borough, Ocean County",2020,"8,504",
Shrewsbury borough,Monmouth,"Shrewsbury borough, Monmouth County",2015,"4,421",
Shrewsbury borough,Monmouth,"Shrewsbury borough, Monmouth County",2020,"42,554",
Shrewsbury township,Monmouth,"Shrewsbury township, Monmouth County",2015,"26,276",
Shrewsbury township,Monmouth,"Shrewsbury township, Monmouth County",2020,"7,458",
Somerdale borough,Camden,"Somerdale borough, Camden County",2015,"15,248",
Somerdale borough,Camden,"Somerdale borough, Camden County",2020,"20,450",
Somers Point city,Atlantic,"Somers Point city, Atlantic County",2015,"44,325",
Somers Point city,Atlantic,"Somers Point city, Atlantic County",2020,"50,558",
Somerville borough,Somerset,"Somerville borough, Somerset County",2015,"76,202",
Somerville borough,Somerset,"Somerville borough, Somerset County",2020,"97,024",
South Amboy city,Middlesex,"South Amboy city, Middlesex County",2015,"22,566",
South Amboy city,Middlesex,"South Amboy city, Middlesex County",2020,"29,786",
South Bound Brook borough,Somerset,"South Bound Brook borough, Somerset County",2015,"9,100",
South Bound Brook borough,Somerset,"South Bound Brook borough, Somerset County",2020,"12,960",
South Brunswick township,Middlesex,"South Brunswick township, Middlesex County",2015,"227,478",
South Brunswick township,Middlesex,"South Brunswick township, Middlesex County",2020,"244,681",
South Hackensack township,Bergen,"South Hackensack township, Bergen County",2015,"3,670",
South Hackensack township,Bergen,"South Hackensack township, Bergen County",2020,NDA,
South Harrison township,Gloucester,"South Harrison township, Gloucester County",2015,"12,037",
South Harrison township,Gloucester,"South Harrison township, Gloucester County",2020,"13,016",
South Orange Village township,Essex,"South Orange Village township, Essex County",2015,"60,307",
South Orange Village township,Essex,"South Orange Village township, Essex County",2020,"54,335",
South Plainfield borough,Middlesex,"South Plainfield borough, Middlesex County",2015,"143,131",
South Plainfield borough,Middlesex,"South Plainfield borough, Middlesex County",2020,"185,377",
South River borough,Middlesex,"South River borough, Middlesex County",2015,"41,834",
South River borough,Middlesex,"South River borough, Middlesex County",2020,"55,335",
South Toms River borough,Ocean,"South Toms River borough, Ocean County",2015,"5,803",
South Toms River borough,Ocean,"South Toms River borough, Ocean County",2020,"8,381",
Southampton township,Burlington,"Southampton township, Burlington County",2015,"33,212",
Southampton township,Burlington,"Southampton township, Burlington County",2020,"40,153",
Sparta township,Sussex,"Sparta township, Sussex County",2015,"64,216",
Sparta township,Sussex,"Sparta township, Sussex County",2020,"68,149",
Spotswood borough,Middlesex,"Spotswood borough, Middlesex County",2015,"24,593",
Spotswood borough,Middlesex,"Spotswood borough, Middlesex County",2020,"30,481",
Spring Lake borough,Monmouth,"Spring Lake borough, Monmouth County",2015,"8,676",
Spring Lake borough,Monmouth,"Spring Lake borough, Monmouth County",2020,"8,667",
Spring Lake Heights borough,Monmouth,"Spring Lake Heights borough, Monmouth County",2015,"14,353",
Spring Lake Heights borough,Monmouth,"Spring Lake Heights borough, Monmouth County",2020,"17,771",
Springfield township,Burlington,"Springfield township, Burlington County",2015,"13,050",
Springfield township,Burlington,"Springfield township, Burlington County",2020,"17,009",
Springfield township,Union,"Springfield township, Union County",2015,"66,900",
Springfield township,Union,"Springfield township, Union County",2020,"92,904",
Stafford township,Ocean,"Stafford township, Ocean County",2015,"91,831",
Stafford township,Ocean,"Stafford township, Ocean County",2020,"85,329",
Stanhope borough,Sussex,"Stanhope borough, Sussex County",2015,"15,860",
Stanhope borough,Sussex,"Stanhope borough, Sussex County",2020,"11,891",
Stillwater township,Sussex,"Stillwater township, Sussex County",2015,"11,754",
Stillwater township,Sussex,"Stillwater township, Sussex County",2020,"11,419",
Stockton borough,Hunterdon,"Stockton borough, Hunterdon County",2015,"2,807",
Stockton borough,Hunterdon,"Stockton borough, Hunterdon County",2020,"1,310",
Stone Harbor borough,Cape May,"Stone Harbor borough, Cape May County",2015,"2,141",
Stone Harbor borough,Cape May,"Stone Harbor borough, Cape May County",2020,"3,020",
Stow Creek township,Cumberland,"Stow Creek township, Cumberland County",2015,"3,817",
Stow Creek township,Cumberland,"Stow Creek township, Cumberland County",2020,"4,266",
Stratford borough,Camden,"Stratford borough, Camden County",2015,"26,953",
Stratford borough,Camden,"Stratford borough, Camden County",2020,"23,877",
Summit city,Union,"Summit city, Union County",2015,"95,395",
Summit city,Union,"Summit city, Union County",2020,"123,000",
Surf City borough,Ocean,"Surf City borough, Ocean County",2015,"1,848",
Surf City borough,Ocean,"Surf City borough, Ocean County",2020,NDA,
Sussex borough,Sussex,"Sussex borough, Sussex County",2015,"9,928",
Sussex borough,Sussex,"Sussex borough, Sussex County",2020,"10,159",
Swedesboro borough,Gloucester,"Swedesboro borough, Gloucester County",2015,"11,773",
Swedesboro borough,Gloucester,"Swedesboro borough, Gloucester County",2020,"13,641",
Tabernacle township,Burlington,"Tabernacle township, Burlington County",2015,"21,672",
Tabernacle township,Burlington,"Tabernacle township, Burlington County",2020,"24,897",
Tavistock borough,Camden,"Tavistock borough, Camden County",2015,NDA,
Tavistock borough,Camden,"Tavistock borough, Camden County",2020,237,
Teaneck township,Bergen,"Teaneck township, Bergen County",2015,"109,014",
Teaneck township,Bergen,"Teaneck township, Bergen County",2020,"129,653",
Tenafly borough,Bergen,"Tenafly borough, Bergen County",2015,"41,143",
Tenafly borough,Bergen,"Tenafly borough, Bergen County",2020,"41,253",
Teterboro borough,Bergen,"Teterboro borough, Bergen County",2015,"42,477",
Teterboro borough,Bergen,"Teterboro borough, Bergen County",2020,"82,180",
Tewksbury township,Hunterdon,"Tewksbury township, Hunterdon County",2015,"25,883",
Tewksbury township,Hunterdon,"Tewksbury township, Hunterdon County",2020,"25,397",
Tinton Falls borough,Monmouth,"Tinton Falls borough, Monmouth County",2015,"79,142",
Tinton Falls borough,Monmouth,"Tinton Falls borough, Monmouth County",2020,"117,741",
Toms River township,Ocean,"Toms River township, Ocean County",2015,"267,921",
Toms River township,Ocean,"Toms River township, Ocean County",2020,"372,793",
Totowa borough,Passaic,"Totowa borough, Passaic County",2015,"71,620",
Totowa borough,Passaic,"Totowa borough, Passaic County",2020,"100,623",
Trenton city,Mercer,"Trenton city, Mercer County",2015,"299,420",
Trenton city,Mercer,"Trenton city, Mercer County",2020,"328,088",
Tuckerton borough,Ocean,"Tuckerton borough, Ocean County",2015,"8,524",
Tuckerton borough,Ocean,"Tuckerton borough, Ocean County",2020,"7,934",
Union Beach borough,Monmouth,"Union Beach borough, Monmouth County",2015,"12,829",
Union Beach borough,Monmouth,"Union Beach borough, Monmouth County",2020,"33,715",
Union City city,Hudson,"Union City city, Hudson County",2015,"105,358",
Union City city,Hudson,"Union City city, Hudson County",2020,"86,985",
Union township,Hunterdon,"Union township, Hunterdon County",2015,"20,224",
Union township,Hunterdon,"Union township, Hunterdon County",2020,"15,309",
Union township,Union,"Union township, Union County",2015,"200,389",
Union township,Union,"Union township, Union County",2020,"297,998",
Upper Deerfield township,Cumberland,"Upper Deerfield township, Cumberland County",2015,"31,835",
Upper Deerfield township,Cumberland,"Upper Deerfield township, Cumberland County",2020,"35,637",
Upper Freehold township,Monmouth,"Upper Freehold township, Monmouth County",2015,"35,295",
Upper Freehold township,Monmouth,"Upper Freehold township, Monmouth County",2020,"12,323",
Upper Pittsgrove township,Salem,"Upper Pittsgrove township, Salem County",2015,"30,312",
Upper Pittsgrove township,Salem,"Upper Pittsgrove township, Salem County",2020,"33,806",
Upper Saddle River borough,Bergen,"Upper Saddle River borough, Bergen County",2015,"40,123",
Upper Saddle River borough,Bergen,"Upper Saddle River borough, Bergen County",2020,"39,073",
Upper township,Cape May,"Upper township, Cape May County",2015,"97,755",
Upper township,Cape May,"Upper township, Cape May County",2020,"115,433",
Ventnor City city,Atlantic,"Ventnor City city, Atlantic County",2015,"9,854",
Ventnor City city,Atlantic,"Ventnor City city, Atlantic County",2020,"10,549",
Vernon township,Sussex,"Vernon township, Sussex County",2015,"78,909",
Vernon township,Sussex,"Vernon township, Sussex County",2020,"69,988",
Verona township,Essex,"Verona township, Essex County",2015,"39,510",
Verona township,Essex,"Verona township, Essex County",2020,"44,875",
Victory Gardens borough,Morris,"Victory Gardens borough, Morris County",2015,"3,057",
Victory Gardens borough,Morris,"Victory Gardens borough, Morris County",2020,"4,538",
Vineland City,Cumberland,"Vineland City, Cumberland County",2015,"234,256",
Vineland City,Cumberland,"Vineland City, Cumberland County",2020,"240,051",
Voorhees township,Camden,"Voorhees township, Camden County",2015,"109,535",
Voorhees township,Camden,"Voorhees township, Camden County",2020,"136,366",
Waldwick borough,Bergen,"Waldwick borough, Bergen County",2015,"30,963",
Waldwick borough,Bergen,"Waldwick borough, Bergen County",2020,"40,423",
Wall township,Monmouth,"Wall township, Monmouth County",2015,"127,153",
Wall township,Monmouth,"Wall township, Monmouth County",2020,"151,291",
Wallington borough,Bergen,"Wallington borough, Bergen County",2015,"23,809",
Wallington borough,Bergen,"Wallington borough, Bergen County",2020,"47,185",
Walpack township,Sussex,"Walpack township, Sussex County",2015,30,
Walpack township,Sussex,"Walpack township, Sussex County",2020,16,
Wanaque borough,Passaic,"Wanaque borough, Passaic County",2015,"32,180",
Wanaque borough,Passaic,"Wanaque borough, Passaic County",2020,"47,295",
Wantage township,Sussex,"Wantage township, Sussex County",2015,"29,934",
Wantage township,Sussex,"Wantage township, Sussex County",2020,"27,342",
Warren township,Somerset,"Warren township, Somerset County",2015,"84,562",
Warren township,Somerset,"Warren township, Somerset County",2020,"93,661",
Washington borough,Warren,"Washington borough, Warren County",2015,"22,458",
Washington borough,Warren,"Washington borough, Warren County",2020,"21,038",
Washington township,Bergen,"Washington township, Bergen County",2015,"20,742",
Washington township,Bergen,"Washington township, Bergen County",2020,"28,217",
Washington township,Burlington,"Washington township, Burlington County",2015,"3,432",
Washington township,Burlington,"Washington township, Burlington County",2020,"4,430",
Washington township,Gloucester,"Washington township, Gloucester County",2015,"170,075",
Washington township,Gloucester,"Washington township, Gloucester County",2020,"216,446",
Washington township,Morris,"Washington township, Morris County",2015,"58,239",
Washington township,Morris,"Washington township, Morris County",2020,"58,391",
Washington township,Warren,"Washington township, Warren County",2015,"29,242",
Washington township,Warren,"Washington township, Warren County",2020,"29,333",
Watchung borough,Somerset,"Watchung borough, Somerset County",2015,"36,427",
Watchung borough,Somerset,"Watchung borough, Somerset County",2020,"45,311",
Waterford township,Camden,"Waterford township, Camden County",2015,"36,679",
Waterford township,Camden,"Waterford township, Camden County",2020,"42,569",
Wayne township,Passaic,"Wayne township, Passaic County",2015,"242,496",
Wayne township,Passaic,"Wayne township, Passaic County",2020,"308,288",
Weehawken township,Hudson,"Weehawken township, Hudson County",2015,"47,746",
Weehawken township,Hudson,"Weehawken township, Hudson County",2020,"33,024",
Wenonah borough,Gloucester,"Wenonah borough, Gloucester County",2015,"6,252",
Wenonah borough,Gloucester,"Wenonah borough, Gloucester County",2020,"7,948",
West Amwell township,Hunterdon,"West Amwell township, Hunterdon County",2015,"12,962",
West Amwell township,Hunterdon,"West Amwell township, Hunterdon County",2020,"6,201",
West Caldwell township,Essex,"West Caldwell township, Essex County",2015,"58,359",
West Caldwell township,Essex,"West Caldwell township, Essex County",2020,"82,845",
West Cape May borough,Cape May,"West Cape May borough, Cape May County",2015,524,
West Cape May borough,Cape May,"West Cape May borough, Cape May County",2020,859,
West Deptford township,Gloucester,"West Deptford township, Gloucester County",2015,"90,517",
West Deptford township,Gloucester,"West Deptford township, Gloucester County",2020,"110,576",
West Long Branch borough,Monmouth,"West Long Branch borough, Monmouth County",2015,"34,959",
West Long Branch borough,Monmouth,"West Long Branch borough, Monmouth County",2020,"52,864",
West Milford township,Passaic,"West Milford township, Passaic County",2015,"84,146",
West Milford township,Passaic,"West Milford township, Passaic County",2020,"91,446",
West New York town,Hudson,"West New York town, Hudson County",2015,"86,251",
West New York town,Hudson,"West New York town, Hudson County",2020,"70,150",
West Orange township,Essex,"West Orange township, Essex County",2015,"125,257",
West Orange township,Essex,"West Orange township, Essex County",2020,"154,918",
West Wildwood borough,Cape May,"West Wildwood borough, Cape May County",2015,52,
West Wildwood borough,Cape May,"West Wildwood borough, Cape May County",2020,54,
West Windsor township,Mercer,"West Windsor township, Mercer County",2015,"184,597",
West Windsor township,Mercer,"West Windsor township, Mercer County",2020,"213,477",
Westampton township,Burlington,"Westampton township, Burlington County",2015,"44,037",
Westampton township,Burlington,"Westampton township, Burlington County",2020,"60,256",
Westfield town,Union,"Westfield town, Union County",2015,"84,764",
Westfield town,Union,"Westfield town, Union County",2020,"106,027",
Westville borough,Gloucester,"Westville borough, Gloucester County",2015,"14,852",
Westville borough,Gloucester,"Westville borough, Gloucester County",2020,"17,219",
Westwood borough,Bergen,"Westwood borough, Bergen County",2015,"33,572",
Westwood borough,Bergen,"Westwood borough, Bergen County",2020,"46,241",
Weymouth township,Atlantic,"Weymouth township, Atlantic County",2015,"20,877",
Weymouth township,Atlantic,"Weymouth township, Atlantic County",2020,"19,386",
Wharton borough,Morris,"Wharton borough, Morris County",2015,"23,236",
Wharton borough,Morris,"Wharton borough, Morris County",2020,"39,676",
White township,Warren,"White township, Warren County",2015,"18,423",
White township,Warren,"White township, Warren County",2020,"16,038",
Wildwood city,Cape May,"Wildwood city, Cape May County",2015,"2,782",
Wildwood city,Cape May,"Wildwood city, Cape May County",2020,"3,482",
Wildwood Crest Borough,Cape May,"Wildwood Crest Borough, Cape May County",2015,"2,215",
Wildwood Crest Borough,Cape May,"Wildwood Crest Borough, Cape May County",2020,"2,780",
Willingboro township,Burlington,"Willingboro township, Burlington County",2015,"77,058",
Willingboro township,Burlington,"Willingboro township, Burlington County",2020,"95,834",
Winfield township,Union,"Winfield township, Union County",2015,"2,132",
Winfield township,Union,"Winfield township, Union County",2020,"3,393",
Winslow township,Camden,"Winslow township, Camden County",2015,"140,737",
Winslow township,Camden,"Winslow township, Camden County",2020,"160,877",
Woodbine borough,Cape May,"Woodbine borough, Cape May County",2015,"5,919",
Woodbine borough,Cape May,"Woodbine borough, Cape May County",2020,"7,620",
Woodbridge Township,Middlesex,"Woodbridge Township, Middlesex County",2015,"423,195",
Woodbridge Township,Middlesex,"Woodbridge Township, Middlesex County",2020,"522,893",
Woodbury city,Gloucester,"Woodbury city, Gloucester County",2015,"44,592",
Woodbury city,Gloucester,"Woodbury city, Gloucester County",2020,"55,299",
Woodbury Heights borough,Gloucester,"Woodbury Heights borough, Gloucester County",2015,"11,480",
Woodbury Heights borough,Gloucester,"Woodbury Heights borough, Gloucester County",2020,"16,472",
Woodcliff Lake borough,Bergen,"Woodcliff Lake borough, Bergen County",2015,"30,378",
Woodcliff Lake borough,Bergen,"Woodcliff Lake borough, Bergen County",2020,"31,322",
Woodland Park borough,Passaic,"Woodland Park borough, Passaic County",2015,"33,328",
Woodland Park borough,Passaic,"Woodland Park borough, Passaic County",2020,"47,416",
Woodland township,Burlington,"Woodland township, Burlington County",2015,"11,827",
Woodland township,Burlington,"Woodland township, Burlington County",2020,"6,698",
Woodlynne borough,Camden,"Woodlynne borough, Camden County",2015,"4,246",
Woodlynne borough,Camden,"Woodlynne borough, Camden County",2020,"5,131",
Wood-Ridge borough,Bergen,"Wood-Ridge borough, Bergen County",2015,"19,015",
Wood-Ridge borough,Bergen,"Wood-Ridge borough, Bergen County",2020,"31,878",
Woodstown borough,Salem,"Woodstown borough, Salem County",2015,"6,838",
Woodstown borough,Salem,"Woodstown borough, Salem County",2020,"8,162",
Woolwich township,Gloucester,"Woolwich township, Gloucester County",2015,"40,735",
Woolwich township,Gloucester,"Woolwich township, Gloucester County",2020,"61,595",
Wrightstown borough,Burlington,"Wrightstown borough, Burlington County",2015,"12,018",
Wrightstown borough,Burlington,"Wrightstown borough, Burlington County",2020,"32,854",
Wyckoff township,Bergen,"Wyckoff township, Bergen County",2015,"64,142",
Wyckoff township,Bergen,"Wyckoff township, Bergen County",2020,"75,024",
