Electric Vehicle (EV) Ownership Data,,,,Jun-22
* Further information on Notes sheet,,,,
Municipality,County,Year,# of EVs,% of EVs
Aberdeen township, Monmouth ,2015,7,0.06%
Aberdeen township, Monmouth ,2020,64,0.45%
Absecon city, Atlantic ,2015,2,0.03%
Absecon city, Atlantic ,2020,20,0.37%
Alexandria township, Hunterdon ,2015,4,0.10%
Alexandria township, Hunterdon ,2020,19,0.46%
Allamuchy township, Warren ,2015,2,0.05%
Allamuchy township, Warren ,2020,17,0.43%
Allendale borough, Bergen ,2015,3,0.07%
Allendale borough, Bergen ,2020,60,1.39%
Allenhurst borough, Monmouth ,2015,0,0.12%
Allenhurst borough, Monmouth ,2020,13,3.98%
Allentown borough, Monmouth ,2015,2,0.11%
Allentown borough, Monmouth ,2020,18,1.32%
Alloway township, Salem ,2015,1,0.02%
Alloway township, Salem ,2020,7,0.25%
Alpha borough, Warren ,2015,1,0.03%
Alpha borough, Warren ,2020,4,0.23%
Alpine borough, Bergen ,2015,11,0.90%
Alpine borough, Bergen ,2020,56,5.11%
Andover borough, Sussex ,2015,2,0.40%
Andover borough, Sussex ,2020,14,2.54%
Andover township, Sussex ,2015,2,0.05%
Andover township, Sussex ,2020,14,0.33%
Asbury Park city, Monmouth ,2015,8,0.13%
Asbury Park city, Monmouth ,2020,73,0.85%
Atlantic City city, Atlantic ,2015,3,0.03%
Atlantic City city, Atlantic ,2020,32,0.24%
Atlantic Highlands borough, Monmouth ,2015,1,0.03%
Atlantic Highlands borough, Monmouth ,2020,21,0.68%
Audubon borough, Camden ,2015,1,0.01%
Audubon borough, Camden ,2020,21,0.36%
Audubon Park borough, Camden ,2015,0,0.01%
Audubon Park borough, Camden ,2020,3,0.38%
Avalon borough, Cape May ,2015,1,0.08%
Avalon borough, Cape May ,2020,54,4.12%
Avon-by-the-Sea borough, Monmouth ,2015,1,0.07%
Avon-by-the-Sea borough, Monmouth ,2020,12,0.88%
Barnegat Light borough, Ocean ,2015,0,0.00%
Barnegat Light borough, Ocean ,2020,7,1.69%
Barnegat township, Ocean ,2015,5,0.03%
Barnegat township, Ocean ,2020,46,0.28%
Barrington borough, Camden ,2015,5,0.11%
Barrington borough, Camden ,2020,26,0.52%
Bass River township, Burlington ,2015,0,0.04%
Bass River township, Burlington ,2020,4,0.38%
Bay Head borough, Ocean ,2015,1,0.15%
Bay Head borough, Ocean ,2020,9,1.11%
Bayonne city, Hudson ,2015,10,0.03%
Bayonne city, Hudson ,2020,89,0.30%
Beach Haven borough, Ocean ,2015,1,0.10%
Beach Haven borough, Ocean ,2020,7,0.88%
Beachwood borough, Ocean ,2015,4,0.05%
Beachwood borough, Ocean ,2020,28,0.35%
Bedminster township, Somerset ,2015,7,0.10%
Bedminster township, Somerset ,2020,65,0.95%
Belleville township, Essex ,2015,4,0.02%
Belleville township, Essex ,2020,52,0.24%
Bellmawr borough, Camden ,2015,1,0.01%
Bellmawr borough, Camden ,2020,22,0.32%
Belmar borough, Monmouth ,2015,4,0.10%
Belmar borough, Monmouth ,2020,41,1.06%
Belvidere town, Warren ,2015,0,0.02%
Belvidere town, Warren ,2020,4,0.24%
Bergenfield borough, Bergen ,2015,13,0.08%
Bergenfield borough, Bergen ,2020,71,0.46%
Berkeley Heights township, Union ,2015,10,0.12%
Berkeley Heights township, Union ,2020,134,1.47%
Berkeley township, Ocean ,2015,11,0.04%
Berkeley township, Ocean ,2020,98,0.31%
Berlin borough, Camden ,2015,3,0.06%
Berlin borough, Camden ,2020,20,0.40%
Berlin township, Camden ,2015,0,0.00%
Berlin township, Camden ,2020,12,0.32%
Bernards township, Somerset ,2015,29,0.16%
Bernards township, Somerset ,2020,294,1.60%
Bernardsville borough, Somerset ,2015,5,0.10%
Bernardsville borough, Somerset ,2020,84,1.60%
Bethlehem township, Hunterdon ,2015,3,0.09%
Bethlehem township, Hunterdon ,2020,17,0.51%
Beverly city, Burlington ,2015,1,0.06%
Beverly city, Burlington ,2020,3,0.21%
Blairstown township, Warren ,2015,2,0.04%
Blairstown township, Warren ,2020,19,0.41%
Bloomfield township, Essex ,2015,24,0.09%
Bloomfield township, Essex ,2020,156,0.54%
Bloomingdale borough, Passaic ,2015,5,0.09%
Bloomingdale borough, Passaic ,2020,20,0.38%
Bloomsbury borough, Hunterdon ,2015,1,0.10%
Bloomsbury borough, Hunterdon ,2020,4,0.56%
Bogota borough, Bergen ,2015,1,0.02%
Bogota borough, Bergen ,2020,27,0.56%
Boonton town, Morris ,2015,4,0.08%
Boonton town, Morris ,2020,52,0.93%
Boonton township, Morris ,2015,2,0.06%
Boonton township, Morris ,2020,23,0.76%
Bordentown city, Burlington ,2015,4,0.16%
Bordentown city, Burlington ,2020,19,0.68%
Bordentown township, Burlington ,2015,8,0.10%
Bordentown township, Burlington ,2020,36,0.41%
Bound Brook borough, Somerset ,2015,0,0.00%
Bound Brook borough, Somerset ,2020,24,0.42%
Bradley Beach borough, Monmouth ,2015,2,0.07%
Bradley Beach borough, Monmouth ,2020,23,0.84%
Branchburg township, Somerset ,2015,10,0.09%
Branchburg township, Somerset ,2020,63,0.57%
Branchville borough, Sussex ,2015,0,0.08%
Branchville borough, Sussex ,2020,2,0.26%
Brick township, Ocean ,2015,38,0.07%
Brick township, Ocean ,2020,181,0.33%
Bridgeton city, Cumberland ,2015,4,0.05%
Bridgeton city, Cumberland ,2020,21,0.27%
Bridgewater township, Somerset ,2015,19,0.07%
Bridgewater township, Somerset ,2020,340,1.11%
Brielle borough, Monmouth ,2015,1,0.03%
Brielle borough, Monmouth ,2020,30,0.91%
Brigantine city, Atlantic ,2015,4,0.06%
Brigantine city, Atlantic ,2020,34,0.52%
Brooklawn borough, Camden ,2015,0,0.04%
Brooklawn borough, Camden ,2020,3,0.24%
Buena borough, Atlantic ,2015,0,0.01%
Buena borough, Atlantic ,2020,5,0.17%
Buena Vista township, Atlantic ,2015,2,0.04%
Buena Vista township, Atlantic ,2020,19,0.35%
Burlington city, Burlington ,2015,6,0.10%
Burlington city, Burlington ,2020,35,0.57%
Burlington township, Burlington ,2015,10,0.07%
Burlington township, Burlington ,2020,58,0.38%
Butler borough, Morris ,2015,3,0.06%
Butler borough, Morris ,2020,48,0.84%
Byram township, Sussex ,2015,4,0.07%
Byram township, Sussex ,2020,26,0.41%
Caldwell borough, Essex ,2015,3,0.07%
Caldwell borough, Essex ,2020,53,1.01%
Califon borough, Hunterdon ,2015,1,0.16%
Califon borough, Hunterdon ,2020,9,0.98%
Camden city, Camden ,2015,1,0.01%
Camden city, Camden ,2020,14,0.05%
Cape May city, Cape May ,2015,2,0.10%
Cape May city, Cape May ,2020,32,1.62%
Cape May Point borough, Cape May ,2015,0,0.00%
Cape May Point borough, Cape May ,2020,7,5.19%
Carlstadt borough, Bergen ,2015,1,0.02%
Carlstadt borough, Bergen ,2020,17,0.42%
Carneys Point township, Salem ,2015,1,0.01%
Carneys Point township, Salem ,2020,10,0.21%
Carteret borough, Middlesex ,2015,3,0.02%
Carteret borough, Middlesex ,2020,29,0.22%
Cedar Grove township, Essex ,2015,8,0.10%
Cedar Grove township, Essex ,2020,70,0.87%
Chatham borough, Morris ,2015,8,0.15%
Chatham borough, Morris ,2020,89,1.64%
Chatham township, Morris ,2015,10,0.14%
Chatham township, Morris ,2020,104,1.54%
Cherry Hill township, Camden ,2015,59,0.13%
Cherry Hill township, Camden ,2020,531,1.07%
Chesilhurst borough, Camden ,2015,0,0.00%
Chesilhurst borough, Camden ,2020,3,0.34%
Chester borough, Morris ,2015,3,0.34%
Chester borough, Morris ,2020,27,2.60%
Chester township, Morris ,2015,8,0.13%
Chester township, Morris ,2020,62,1.04%
Chesterfield township, Burlington ,2015,4,0.10%
Chesterfield township, Burlington ,2020,53,1.41%
Cinnaminson township, Burlington ,2015,11,0.10%
Cinnaminson township, Burlington ,2020,77,0.65%
City of Orange township, Essex ,2015,2,0.02%
City of Orange township, Essex ,2020,23,0.20%
Clark township, Union ,2015,5,0.05%
Clark township, Union ,2020,56,0.49%
Clayton borough, Gloucester ,2015,2,0.03%
Clayton borough, Gloucester ,2020,18,0.31%
Clementon borough, Camden ,2015,1,0.05%
Clementon borough, Camden ,2020,9,0.30%
Cliffside Park borough, Bergen ,2015,5,0.04%
Cliffside Park borough, Bergen ,2020,57,0.41%
Clifton city, Passaic ,2015,18,0.04%
Clifton city, Passaic ,2020,197,0.40%
Clinton town, Hunterdon ,2015,2,0.11%
Clinton town, Hunterdon ,2020,26,1.30%
Clinton township, Hunterdon ,2015,5,0.06%
Clinton township, Hunterdon ,2020,76,0.85%
Closter borough, Bergen ,2015,7,0.13%
Closter borough, Bergen ,2020,105,1.99%
Collingswood borough, Camden ,2015,10,0.12%
Collingswood borough, Camden ,2020,67,0.73%
Colts Neck township, Monmouth ,2015,16,0.22%
Colts Neck township, Monmouth ,2020,111,1.54%
Commercial township, Cumberland ,2015,3,0.09%
Commercial township, Cumberland ,2020,7,0.24%
Corbin City city, Atlantic ,2015,0,0.06%
Corbin City city, Atlantic ,2020,1,0.18%
Cranbury township, Middlesex ,2015,3,0.12%
Cranbury township, Middlesex ,2020,43,1.54%
Cranford township, Union ,2015,14,0.09%
Cranford township, Union ,2020,119,0.71%
Cresskill borough, Bergen ,2015,6,0.11%
Cresskill borough, Bergen ,2020,95,1.72%
Deal borough, Monmouth ,2015,0,0.00%
Deal borough, Monmouth ,2020,37,10.19%
Deerfield township, Cumberland ,2015,1,0.03%
Deerfield township, Cumberland ,2020,6,0.30%
Delanco township, Burlington ,2015,2,0.06%
Delanco township, Burlington ,2020,11,0.33%
Delaware township, Hunterdon ,2015,4,0.11%
Delaware township, Hunterdon ,2020,29,0.77%
Delran township, Burlington ,2015,6,0.06%
Delran township, Burlington ,2020,37,0.32%
Demarest borough, Bergen ,2015,7,0.21%
Demarest borough, Bergen ,2020,98,2.96%
Dennis township, Cape May ,2015,4,0.08%
Dennis township, Cape May ,2020,20,0.41%
Denville township, Morris ,2015,12,0.10%
Denville township, Morris ,2020,128,1.05%
Deptford township, Gloucester ,2015,13,0.06%
Deptford township, Gloucester ,2020,77,0.38%
Dover town, Morris ,2015,1,0.02%
Dover town, Morris ,2020,19,0.21%
Downe township, Cumberland ,2015,1,0.05%
Downe township, Cumberland ,2020,2,0.23%
Dumont borough, Bergen ,2015,5,0.04%
Dumont borough, Bergen ,2020,48,0.41%
Dunellen borough, Middlesex ,2015,1,0.03%
Dunellen borough, Middlesex ,2020,45,1.11%
Eagleswood township, Ocean ,2015,0,0.00%
Eagleswood township, Ocean ,2020,6,0.52%
East Amwell township, Hunterdon ,2015,4,0.13%
East Amwell township, Hunterdon ,2020,36,1.10%
East Brunswick township, Middlesex ,2015,27,0.09%
East Brunswick township, Middlesex ,2020,373,1.15%
East Greenwich township, Gloucester ,2015,3,0.04%
East Greenwich township, Gloucester ,2020,61,0.78%
East Hanover township, Morris ,2015,2,0.03%
East Hanover township, Morris ,2020,59,0.73%
East Newark borough, Hudson ,2015,0,0.04%
East Newark borough, Hudson ,2020,4,0.49%
East Orange city, Essex ,2015,7,0.03%
East Orange city, Essex ,2020,24,0.10%
East Rutherford borough, Bergen ,2015,4,0.08%
East Rutherford borough, Bergen ,2020,29,0.46%
East Windsor township, Mercer ,2015,16,0.10%
East Windsor township, Mercer ,2020,165,1.00%
Eastampton township, Burlington ,2015,3,0.06%
Eastampton township, Burlington ,2020,15,0.33%
Eatontown borough, Monmouth ,2015,6,0.07%
Eatontown borough, Monmouth ,2020,67,0.80%
Edgewater borough, Bergen ,2015,9,0.13%
Edgewater borough, Bergen ,2020,108,1.35%
Edgewater Park township, Burlington ,2015,3,0.05%
Edgewater Park township, Burlington ,2020,10,0.18%
Edison township, Middlesex ,2015,47,0.08%
Edison township, Middlesex ,2020,690,1.16%
Egg Harbor City city, Atlantic ,2015,2,0.09%
Egg Harbor City city, Atlantic ,2020,12,0.59%
Egg Harbor township, Atlantic ,2015,20,0.07%
Egg Harbor township, Atlantic ,2020,142,0.50%
Elizabeth city, Union ,2015,3,0.01%
Elizabeth city, Union ,2020,85,0.16%
Elk township, Gloucester ,2015,3,0.12%
Elk township, Gloucester ,2020,19,0.68%
Elmer borough, Salem ,2015,1,0.11%
Elmer borough, Salem ,2020,8,0.86%
Elmwood Park borough, Bergen ,2015,4,0.03%
Elmwood Park borough, Bergen ,2020,34,0.29%
Elsinboro township, Salem ,2015,0,0.02%
Elsinboro township, Salem ,2020,2,0.28%
Emerson borough, Bergen ,2015,1,0.02%
Emerson borough, Bergen ,2020,29,0.56%
Englewood city, Bergen ,2015,20,0.13%
Englewood city, Bergen ,2020,141,0.84%
Englewood Cliffs borough, Bergen ,2015,9,0.25%
Englewood Cliffs borough, Bergen ,2020,98,2.54%
Englishtown borough, Monmouth ,2015,1,0.11%
Englishtown borough, Monmouth ,2020,15,1.23%
Essex Fells borough, Essex ,2015,2,0.12%
Essex Fells borough, Essex ,2020,37,2.47%
Estell Manor city, Atlantic ,2015,0,0.01%
Estell Manor city, Atlantic ,2020,3,0.24%
Evesham township, Burlington ,2015,24,0.08%
Evesham township, Burlington ,2020,204,0.62%
Ewing township, Mercer ,2015,12,0.06%
Ewing township, Mercer ,2020,72,0.33%
Fair Haven borough, Monmouth ,2015,5,0.12%
Fair Haven borough, Monmouth ,2020,49,1.33%
Fair Lawn borough, Bergen ,2015,10,0.05%
Fair Lawn borough, Bergen ,2020,139,0.65%
Fairfield township, Cumberland ,2015,1,0.04%
Fairfield township, Cumberland ,2020,6,0.19%
Fairfield township, Essex ,2015,4,0.08%
Fairfield township, Essex ,2020,46,0.83%
Fairview borough, Bergen ,2015,2,0.03%
Fairview borough, Bergen ,2020,19,0.29%
Fanwood borough, Union ,2015,6,0.13%
Fanwood borough, Union ,2020,38,0.73%
Far Hills borough, Somerset ,2015,4,0.53%
Far Hills borough, Somerset ,2020,36,4.95%
Farmingdale borough, Monmouth ,2015,3,0.34%
Farmingdale borough, Monmouth ,2020,15,1.67%
Fieldsboro borough, Burlington ,2015,0,0.09%
Fieldsboro borough, Burlington ,2020,2,0.36%
Flemington borough, Hunterdon ,2015,4,0.18%
Flemington borough, Hunterdon ,2020,40,1.53%
Florence township, Burlington ,2015,5,0.06%
Florence township, Burlington ,2020,40,0.44%
Florham Park borough, Morris ,2015,8,0.11%
Florham Park borough, Morris ,2020,79,1.09%
Folsom borough, Atlantic ,2015,1,0.05%
Folsom borough, Atlantic ,2020,5,0.43%
Fort Lee borough, Bergen ,2015,20,0.09%
Fort Lee borough, Bergen ,2020,231,1.06%
Frankford township, Sussex ,2015,5,0.11%
Frankford township, Sussex ,2020,19,0.45%
Franklin borough, Sussex ,2015,3,0.10%
Franklin borough, Sussex ,2020,8,0.22%
Franklin Lakes borough, Bergen ,2015,11,0.13%
Franklin Lakes borough, Bergen ,2020,151,1.81%
Franklin township, Gloucester ,2015,10,0.09%
Franklin township, Gloucester ,2020,45,0.37%
Franklin township, Hunterdon ,2015,4,0.15%
Franklin township, Hunterdon ,2020,26,0.92%
Franklin township, Somerset ,2015,41,0.10%
Franklin township, Somerset ,2020,383,0.89%
Franklin township, Warren ,2015,2,0.09%
Franklin township, Warren ,2020,12,0.49%
Fredon township, Sussex ,2015,1,0.04%
Fredon township, Sussex ,2020,8,0.32%
Freehold borough, Monmouth ,2015,4,0.07%
Freehold borough, Monmouth ,2020,38,0.68%
Freehold township, Monmouth ,2015,12,0.05%
Freehold township, Monmouth ,2020,128,0.54%
Frelinghuysen township, Warren ,2015,1,0.04%
Frelinghuysen township, Warren ,2020,7,0.45%
Frenchtown borough, Hunterdon ,2015,1,0.13%
Frenchtown borough, Hunterdon ,2020,7,0.72%
Galloway township, Atlantic ,2015,12,0.06%
Galloway township, Atlantic ,2020,72,0.31%
Garfield city, Bergen ,2015,5,0.03%
Garfield city, Bergen ,2020,44,0.24%
Garwood borough, Union ,2015,0,0.00%
Garwood borough, Union ,2020,12,0.42%
Gibbsboro borough, Camden ,2015,1,0.07%
Gibbsboro borough, Camden ,2020,8,0.51%
Glassboro borough, Gloucester ,2015,4,0.04%
Glassboro borough, Gloucester ,2020,33,0.29%
Glen Gardner borough, Hunterdon ,2015,2,0.15%
Glen Gardner borough, Hunterdon ,2020,10,0.81%
Glen Ridge borough, Essex ,2015,3,0.07%
Glen Ridge borough, Essex ,2020,83,1.93%
Glen Rock borough, Bergen ,2015,8,0.10%
Glen Rock borough, Bergen ,2020,98,1.45%
Gloucester City city, Camden ,2015,3,0.04%
Gloucester City city, Camden ,2020,13,0.21%
Gloucester township, Camden ,2015,23,0.05%
Gloucester township, Camden ,2020,125,0.31%
Green Brook township, Somerset ,2015,2,0.04%
Green Brook township, Somerset ,2020,42,0.88%
Green township, Sussex ,2015,2,0.06%
Green township, Sussex ,2020,11,0.42%
Greenwich township, Cumberland ,2015,0,0.00%
Greenwich township, Cumberland ,2020,1,0.24%
Greenwich township, Gloucester ,2015,3,0.08%
Greenwich township, Gloucester ,2020,6,0.17%
Greenwich township, Warren ,2015,2,0.06%
Greenwich township, Warren ,2020,18,0.47%
Guttenberg town, Hudson ,2015,1,0.02%
Guttenberg town, Hudson ,2020,18,0.39%
Hackensack city, Bergen ,2015,14,0.06%
Hackensack city, Bergen ,2020,90,0.38%
Hackettstown town, Warren ,2015,3,0.05%
Hackettstown town, Warren ,2020,33,0.58%
Haddon Heights borough, Camden ,2015,4,0.08%
Haddon Heights borough, Camden ,2020,28,0.51%
Haddon township, Camden ,2015,11,0.12%
Haddon township, Camden ,2020,80,0.81%
Haddonfield borough, Camden ,2015,13,0.17%
Haddonfield borough, Camden ,2020,103,1.37%
Hainesport township, Burlington ,2015,3,0.06%
Hainesport township, Burlington ,2020,34,0.70%
Haledon borough, Passaic ,2015,3,0.06%
Haledon borough, Passaic ,2020,17,0.38%
Hamburg borough, Sussex ,2015,2,0.06%
Hamburg borough, Sussex ,2020,11,0.47%
Hamilton township, Atlantic ,2015,9,0.06%
Hamilton township, Atlantic ,2020,51,0.30%
Hamilton township, Mercer ,2015,32,0.05%
Hamilton township, Mercer ,2020,256,0.42%
Hammonton town, Atlantic ,2015,9,0.09%
Hammonton town, Atlantic ,2020,43,0.46%
Hampton borough, Hunterdon ,2015,1,0.08%
Hampton borough, Hunterdon ,2020,6,0.62%
Hampton township, Sussex ,2015,2,0.04%
Hampton township, Sussex ,2020,13,0.35%
Hanover township, Morris ,2015,13,0.13%
Hanover township, Morris ,2020,83,0.78%
Harding township, Morris ,2015,4,0.13%
Harding township, Morris ,2020,45,1.40%
Hardwick township, Warren ,2015,1,0.05%
Hardwick township, Warren ,2020,6,0.52%
Hardyston township, Sussex ,2015,4,0.07%
Hardyston township, Sussex ,2020,22,0.36%
Harmony township, Warren ,2015,1,0.03%
Harmony township, Warren ,2020,4,0.18%
Harrington Park borough, Bergen ,2015,3,0.10%
Harrington Park borough, Bergen ,2020,38,1.06%
Harrison town, Hudson ,2015,4,0.06%
Harrison town, Hudson ,2020,36,0.50%
Harrison township, Gloucester ,2015,9,0.11%
Harrison township, Gloucester ,2020,80,0.90%
Harvey Cedars borough, Ocean ,2015,0,0.08%
Harvey Cedars borough, Ocean ,2020,3,0.77%
Hasbrouck Heights borough, Bergen ,2015,5,0.07%
Hasbrouck Heights borough, Bergen ,2020,56,0.78%
Haworth borough, Bergen ,2015,2,0.09%
Haworth borough, Bergen ,2020,30,1.31%
Hawthorne borough, Passaic ,2015,6,0.05%
Hawthorne borough, Passaic ,2020,52,0.41%
Hazlet township, Monmouth ,2015,8,0.06%
Hazlet township, Monmouth ,2020,53,0.38%
Helmetta borough, Middlesex ,2015,1,0.06%
Helmetta borough, Middlesex ,2020,10,0.58%
High Bridge borough, Hunterdon ,2015,0,0.00%
High Bridge borough, Hunterdon ,2020,13,0.49%
Highland Park borough, Middlesex ,2015,11,0.14%
Highland Park borough, Middlesex ,2020,79,0.92%
Highlands borough, Monmouth ,2015,1,0.03%
Highlands borough, Monmouth ,2020,17,0.46%
Hightstown borough, Mercer ,2015,4,0.13%
Hightstown borough, Mercer ,2020,39,1.21%
Hillsborough township, Somerset ,2015,30,0.11%
Hillsborough township, Somerset ,2020,337,1.22%
Hillsdale borough, Bergen ,2015,2,0.03%
Hillsdale borough, Bergen ,2020,48,0.66%
Hillside township, Union ,2015,5,0.04%
Hillside township, Union ,2020,28,0.22%
Hi-Nella borough, Camden ,2015,1,0.12%
Hi-Nella borough, Camden ,2020,3,0.39%
Hoboken city, Hudson ,2015,17,0.09%
Hoboken city, Hudson ,2020,205,1.02%
Ho-Ho-Kus borough, Bergen ,2015,7,0.26%
Ho-Ho-Kus borough, Bergen ,2020,50,1.77%
Holland township, Hunterdon ,2015,3,0.08%
Holland township, Hunterdon ,2020,15,0.37%
Holmdel township, Monmouth ,2015,25,0.22%
Holmdel township, Monmouth ,2020,202,1.64%
Hopatcong borough, Sussex ,2015,4,0.04%
Hopatcong borough, Sussex ,2020,39,0.35%
Hope township, Warren ,2015,1,0.05%
Hope township, Warren ,2020,7,0.44%
Hopewell borough, Mercer ,2015,6,0.45%
Hopewell borough, Mercer ,2020,34,2.56%
Hopewell township, Cumberland ,2015,1,0.03%
Hopewell township, Cumberland ,2020,5,0.17%
Hopewell township, Mercer ,2015,26,0.20%
Hopewell township, Mercer ,2020,205,1.62%
Howell township, Monmouth ,2015,19,0.05%
Howell township, Monmouth ,2020,177,0.50%
Independence township, Warren ,2015,2,0.04%
Independence township, Warren ,2020,16,0.35%
Interlaken borough, Monmouth ,2015,0,0.04%
Interlaken borough, Monmouth ,2020,4,0.61%
Irvington township, Essex ,2015,0,0.00%
Irvington township, Essex ,2020,21,0.09%
Island Heights borough, Ocean ,2015,2,0.16%
Island Heights borough, Ocean ,2020,9,0.70%
Jackson township, Ocean ,2015,21,0.05%
Jackson township, Ocean ,2020,189,0.47%
Jamesburg borough, Middlesex ,2015,4,0.11%
Jamesburg borough, Middlesex ,2020,45,1.18%
Jefferson township, Morris ,2015,10,0.06%
Jefferson township, Morris ,2020,57,0.36%
Jersey City city, Hudson ,2015,49,0.06%
Jersey City city, Hudson ,2020,737,0.83%
Keansburg borough, Monmouth ,2015,0,0.00%
Keansburg borough, Monmouth ,2020,10,0.17%
Kearny town, Hudson ,2015,8,0.04%
Kearny town, Hudson ,2020,51,0.25%
Kenilworth borough, Union ,2015,1,0.02%
Kenilworth borough, Union ,2020,18,0.35%
Keyport borough, Monmouth ,2015,3,0.08%
Keyport borough, Monmouth ,2020,22,0.47%
Kingwood township, Hunterdon ,2015,3,0.11%
Kingwood township, Hunterdon ,2020,20,0.64%
Kinnelon borough, Morris ,2015,3,0.04%
Kinnelon borough, Morris ,2020,48,0.62%
Knowlton township, Warren ,2015,1,0.03%
Knowlton township, Warren ,2020,9,0.38%
Lacey township, Ocean ,2015,7,0.03%
Lacey township, Ocean ,2020,65,0.29%
Lafayette township, Sussex ,2015,1,0.06%
Lafayette township, Sussex ,2020,6,0.37%
Lake Como borough, Monmouth ,2015,1,0.09%
Lake Como borough, Monmouth ,2020,10,0.75%
Lakehurst borough, Ocean ,2015,2,0.12%
Lakehurst borough, Ocean ,2020,6,0.33%
Lakewood township, Ocean ,2015,6,0.02%
Lakewood township, Ocean ,2020,421,1.21%
Lambertville city, Hunterdon ,2015,5,0.16%
Lambertville city, Hunterdon ,2020,36,1.25%
Laurel Springs borough, Camden ,2015,0,0.03%
Laurel Springs borough, Camden ,2020,3,0.24%
Lavallette borough, Ocean ,2015,1,0.08%
Lavallette borough, Ocean ,2020,6,0.34%
Lawnside borough, Camden ,2015,0,0.00%
Lawnside borough, Camden ,2020,6,0.31%
Lawrence township, Cumberland ,2015,0,0.01%
Lawrence township, Cumberland ,2020,7,0.32%
Lawrence township, Mercer ,2015,43,0.20%
Lawrence township, Mercer ,2020,237,1.10%
Lebanon borough, Hunterdon ,2015,2,0.16%
Lebanon borough, Hunterdon ,2020,17,1.13%
Lebanon township, Hunterdon ,2015,6,0.12%
Lebanon township, Hunterdon ,2020,35,0.68%
Leonia borough, Bergen ,2015,7,0.14%
Leonia borough, Bergen ,2020,54,0.97%
Liberty township, Warren ,2015,1,0.06%
Liberty township, Warren ,2020,5,0.22%
Lincoln Park borough, Morris ,2015,1,0.01%
Lincoln Park borough, Morris ,2020,25,0.34%
Linden city, Union ,2015,12,0.05%
Linden city, Union ,2020,70,0.29%
Lindenwold borough, Camden ,2015,4,0.05%
Lindenwold borough, Camden ,2020,27,0.28%
Linwood city, Atlantic ,2015,1,0.02%
Linwood city, Atlantic ,2020,40,0.80%
Little Egg Harbor township, Ocean ,2015,7,0.05%
Little Egg Harbor township, Ocean ,2020,43,0.27%
Little Falls township, Passaic ,2015,4,0.04%
Little Falls township, Passaic ,2020,40,0.41%
Little Ferry borough, Bergen ,2015,4,0.06%
Little Ferry borough, Bergen ,2020,21,0.31%
Little Silver borough, Monmouth ,2015,2,0.05%
Little Silver borough, Monmouth ,2020,38,0.87%
Livingston township, Essex ,2015,32,0.16%
Livingston township, Essex ,2020,382,1.91%
Loch Arbour village, Monmouth ,2015,0,0.15%
Loch Arbour village, Monmouth ,2020,6,4.05%
Lodi borough, Bergen ,2015,6,0.04%
Lodi borough, Bergen ,2020,41,0.30%
Logan township, Gloucester ,2015,2,0.04%
Logan township, Gloucester ,2020,23,0.56%
Long Beach township, Ocean ,2015,2,0.09%
Long Beach township, Ocean ,2020,21,0.84%
Long Branch city, Monmouth ,2015,11,0.06%
Long Branch city, Monmouth ,2020,127,0.69%
Long Hill township, Morris ,2015,8,0.13%
Long Hill township, Morris ,2020,77,1.24%
Longport borough, Atlantic ,2015,1,0.12%
Longport borough, Atlantic ,2020,9,1.27%
Lopatcong township, Warren ,2015,2,0.04%
Lopatcong township, Warren ,2020,16,0.26%
Lower Alloways Creek township, Salem ,2015,0,0.02%
Lower Alloways Creek township, Salem ,2020,2,0.14%
Lower township, Cape May ,2015,6,0.04%
Lower township, Cape May ,2020,94,0.58%
Lumberton township, Burlington ,2015,6,0.07%
Lumberton township, Burlington ,2020,49,0.58%
Lyndhurst township, Bergen ,2015,4,0.03%
Lyndhurst township, Bergen ,2020,43,0.28%
Madison borough, Morris ,2015,15,0.15%
Madison borough, Morris ,2020,147,1.46%
Magnolia borough, Camden ,2015,3,0.13%
Magnolia borough, Camden ,2020,9,0.32%
Mahwah township, Bergen ,2015,12,0.07%
Mahwah township, Bergen ,2020,161,0.93%
Manalapan township, Monmouth ,2015,22,0.08%
Manalapan township, Monmouth ,2020,249,0.91%
Manasquan borough, Monmouth ,2015,2,0.04%
Manasquan borough, Monmouth ,2020,44,0.98%
Manchester township, Ocean ,2015,14,0.04%
Manchester township, Ocean ,2020,71,0.23%
Mannington township, Salem ,2015,0,0.03%
Mannington township, Salem ,2020,3,0.29%
Mansfield township, Burlington ,2015,8,0.12%
Mansfield township, Burlington ,2020,58,0.88%
Mansfield township, Warren ,2015,4,0.06%
Mansfield township, Warren ,2020,24,0.49%
Mantoloking borough, Ocean ,2015,0,0.10%
Mantoloking borough, Ocean ,2020,4,1.05%
Mantua township, Gloucester ,2015,5,0.04%
Mantua township, Gloucester ,2020,51,0.48%
Manville borough, Somerset ,2015,3,0.05%
Manville borough, Somerset ,2020,18,0.26%
Maple Shade township, Burlington ,2015,5,0.04%
Maple Shade township, Burlington ,2020,33,0.26%
Maplewood township, Essex ,2015,22,0.17%
Maplewood township, Essex ,2020,208,1.57%
Margate City city, Atlantic ,2015,3,0.06%
Margate City city, Atlantic ,2020,56,1.19%
Marlboro township, Monmouth ,2015,32,0.12%
Marlboro township, Monmouth ,2020,414,1.51%
Matawan borough, Monmouth ,2015,4,0.07%
Matawan borough, Monmouth ,2020,46,0.80%
Maurice River township, Cumberland ,2015,0,0.01%
Maurice River township, Cumberland ,2020,2,0.11%
Maywood borough, Bergen ,2015,4,0.07%
Maywood borough, Bergen ,2020,28,0.45%
Medford Lakes borough, Burlington ,2015,3,0.11%
Medford Lakes borough, Burlington ,2020,26,0.88%
Medford township, Burlington ,2015,23,0.14%
Medford township, Burlington ,2020,174,1.00%
Mendham borough, Morris ,2015,8,0.24%
Mendham borough, Morris ,2020,55,1.60%
Mendham township, Morris ,2015,6,0.15%
Mendham township, Morris ,2020,53,1.20%
Merchantville borough, Camden ,2015,2,0.09%
Merchantville borough, Camden ,2020,12,0.57%
Metuchen borough, Middlesex ,2015,8,0.10%
Metuchen borough, Middlesex ,2020,84,0.94%
Middle township, Cape May ,2015,11,0.09%
Middle township, Cape May ,2020,60,0.46%
Middlesex borough, Middlesex ,2015,1,0.01%
Middlesex borough, Middlesex ,2020,23,0.25%
Middletown township, Monmouth ,2015,32,0.07%
Middletown township, Monmouth ,2020,233,0.50%
Midland Park borough, Bergen ,2015,6,0.13%
Midland Park borough, Bergen ,2020,29,0.57%
Milford borough, Hunterdon ,2015,1,0.09%
Milford borough, Hunterdon ,2020,4,0.40%
Millburn township, Essex ,2015,26,0.21%
Millburn township, Essex ,2020,414,3.18%
Millstone borough, Somerset ,2015,0,0.10%
Millstone borough, Somerset ,2020,4,0.91%
Millstone township, Monmouth ,2015,13,0.17%
Millstone township, Monmouth ,2020,75,0.89%
Milltown borough, Middlesex ,2015,6,0.13%
Milltown borough, Middlesex ,2020,35,0.72%
Millville city, Cumberland ,2015,10,0.06%
Millville city, Cumberland ,2020,43,0.23%
Mine Hill township, Morris ,2015,0,0.00%
Mine Hill township, Morris ,2020,7,0.27%
Monmouth Beach borough, Monmouth ,2015,3,0.12%
Monmouth Beach borough, Monmouth ,2020,69,2.72%
Monroe township, Gloucester ,2015,13,0.05%
Monroe township, Gloucester ,2020,82,0.32%
Monroe township, Middlesex ,2015,41,0.14%
Monroe township, Middlesex ,2020,491,1.53%
Montague township, Sussex ,2015,2,0.06%
Montague township, Sussex ,2020,11,0.37%
Montclair township, Essex ,2015,39,0.18%
Montclair township, Essex ,2020,395,1.82%
Montgomery township, Somerset ,2015,35,0.24%
Montgomery township, Somerset ,2020,383,2.48%
Montvale borough, Bergen ,2015,5,0.09%
Montvale borough, Bergen ,2020,54,0.96%
Montville township, Morris ,2015,15,0.10%
Montville township, Morris ,2020,201,1.25%
Moonachie borough, Bergen ,2015,1,0.06%
Moonachie borough, Bergen ,2020,7,0.48%
Moorestown township, Burlington ,2015,23,0.16%
Moorestown township, Burlington ,2020,250,1.71%
Morris Plains borough, Morris ,2015,5,0.13%
Morris Plains borough, Morris ,2020,49,1.08%
Morris township, Morris ,2015,20,0.13%
Morris township, Morris ,2020,165,1.02%
Morristown town, Morris ,2015,21,0.20%
Morristown town, Morris ,2020,170,1.32%
Mount Arlington borough, Morris ,2015,0,0.01%
Mount Arlington borough, Morris ,2020,14,0.33%
Mount Ephraim borough, Camden ,2015,1,0.03%
Mount Ephraim borough, Camden ,2020,13,0.37%
Mount Holly township, Burlington ,2015,5,0.09%
Mount Holly township, Burlington ,2020,28,0.50%
Mount Laurel township, Burlington ,2015,26,0.09%
Mount Laurel township, Burlington ,2020,228,0.74%
Mount Olive township, Morris ,2015,11,0.06%
Mount Olive township, Morris ,2020,102,0.51%
Mountain Lakes borough, Morris ,2015,6,0.20%
Mountain Lakes borough, Morris ,2020,90,3.02%
Mountainside borough, Union ,2015,7,0.15%
Mountainside borough, Union ,2020,59,1.21%
Mullica township, Atlantic ,2015,3,0.07%
Mullica township, Atlantic ,2020,15,0.36%
National Park borough, Gloucester ,2015,0,0.00%
National Park borough, Gloucester ,2020,2,0.10%
Neptune City borough, Monmouth ,2015,1,0.04%
Neptune City borough, Monmouth ,2020,11,0.33%
Neptune township, Monmouth ,2015,6,0.04%
Neptune township, Monmouth ,2020,57,0.31%
Netcong borough, Morris ,2015,0,0.00%
Netcong borough, Morris ,2020,5,0.21%
New Brunswick city, Middlesex ,2015,10,0.07%
New Brunswick city, Middlesex ,2020,62,0.36%
New Hanover township, Burlington ,2015,1,0.07%
New Hanover township, Burlington ,2020,9,0.47%
New Milford borough, Bergen ,2015,5,0.05%
New Milford borough, Bergen ,2020,54,0.53%
New Providence borough, Union ,2015,5,0.06%
New Providence borough, Union ,2020,103,1.14%
Newark city, Essex ,2015,20,0.03%
Newark city, Essex ,2020,141,0.15%
Newfield borough, Gloucester ,2015,1,0.11%
Newfield borough, Gloucester ,2020,5,0.46%
Newton town, Sussex ,2015,3,0.06%
Newton town, Sussex ,2020,21,0.39%
North Arlington borough, Bergen ,2015,5,0.05%
North Arlington borough, Bergen ,2020,34,0.32%
North Bergen township, Hudson ,2015,8,0.03%
North Bergen township, Hudson ,2020,94,0.36%
North Brunswick township, Middlesex ,2015,19,0.07%
North Brunswick township, Middlesex ,2020,204,0.85%
North Caldwell borough, Essex ,2015,3,0.05%
North Caldwell borough, Essex ,2020,37,0.77%
North Haledon borough, Passaic ,2015,3,0.05%
North Haledon borough, Passaic ,2020,19,0.34%
North Hanover township, Burlington ,2015,3,0.05%
North Hanover township, Burlington ,2020,22,0.44%
North Plainfield borough, Somerset ,2015,7,0.06%
North Plainfield borough, Somerset ,2020,35,0.27%
North Wildwood city, Cape May ,2015,2,0.06%
North Wildwood city, Cape May ,2020,47,1.73%
Northfield city, Atlantic ,2015,3,0.05%
Northfield city, Atlantic ,2020,19,0.34%
Northvale borough, Bergen ,2015,4,0.12%
Northvale borough, Bergen ,2020,24,0.70%
Norwood borough, Bergen ,2015,0,0.00%
Norwood borough, Bergen ,2020,52,1.41%
Nutley township, Essex ,2015,7,0.04%
Nutley township, Essex ,2020,90,0.48%
Oakland borough, Bergen ,2015,5,0.06%
Oakland borough, Bergen ,2020,59,0.66%
Oaklyn borough, Camden ,2015,2,0.08%
Oaklyn borough, Camden ,2020,13,0.46%
Ocean City city, Cape May ,2015,5,0.07%
Ocean City city, Cape May ,2020,89,1.11%
Ocean Gate borough, Ocean ,2015,0,0.00%
Ocean Gate borough, Ocean ,2020,3,0.29%
Ocean township, Monmouth ,2015,13,0.07%
Ocean township, Monmouth ,2020,146,0.78%
Ocean township, Ocean ,2015,1,0.02%
Ocean township, Ocean ,2020,15,0.21%
Oceanport borough, Monmouth ,2015,3,0.07%
Oceanport borough, Monmouth ,2020,23,0.50%
Ogdensburg borough, Sussex ,2015,0,0.00%
Ogdensburg borough, Sussex ,2020,1,0.06%
Old Bridge township, Middlesex ,2015,20,0.05%
Old Bridge township, Middlesex ,2020,234,0.52%
Old Tappan borough, Bergen ,2015,4,0.10%
Old Tappan borough, Bergen ,2020,41,1.01%
Oldmans township, Salem ,2015,0,0.00%
Oldmans township, Salem ,2020,8,0.65%
Oradell borough, Bergen ,2015,8,0.15%
Oradell borough, Bergen ,2020,51,0.90%
Oxford township, Warren ,2015,1,0.03%
Oxford township, Warren ,2020,4,0.20%
Palisades Park borough, Bergen ,2015,3,0.03%
Palisades Park borough, Bergen ,2020,72,0.69%
Palmyra borough, Burlington ,2015,9,0.18%
Palmyra borough, Burlington ,2020,19,0.40%
Paramus borough, Bergen ,2015,15,0.09%
Paramus borough, Bergen ,2020,231,1.38%
Park Ridge borough, Bergen ,2015,4,0.07%
Park Ridge borough, Bergen ,2020,48,0.76%
Parsippany-Troy Hills township, Morris ,2015,29,0.08%
Parsippany-Troy Hills township, Morris ,2020,315,0.91%
Passaic city, Passaic ,2015,3,0.02%
Passaic city, Passaic ,2020,42,0.21%
Paterson city, Passaic ,2015,7,0.02%
Paterson city, Passaic ,2020,67,0.14%
Paulsboro borough, Gloucester ,2015,0,0.00%
Paulsboro borough, Gloucester ,2020,5,0.14%
Peapack and Gladstone borough, Somerset ,2015,6,0.34%
Peapack and Gladstone borough, Somerset ,2020,30,1.71%
Pemberton borough, Burlington ,2015,1,0.09%
Pemberton borough, Burlington ,2020,5,0.43%
Pemberton township, Burlington ,2015,11,0.06%
Pemberton township, Burlington ,2020,50,0.26%
Pennington borough, Mercer ,2015,6,0.31%
Pennington borough, Mercer ,2020,55,3.17%
Penns Grove borough, Salem ,2015,0,0.02%
Penns Grove borough, Salem ,2020,7,0.32%
Pennsauken township, Camden ,2015,9,0.04%
Pennsauken township, Camden ,2020,51,0.25%
Pennsville township, Salem ,2015,5,0.05%
Pennsville township, Salem ,2020,16,0.18%
Pequannock township, Morris ,2015,2,0.02%
Pequannock township, Morris ,2020,38,0.36%
Perth Amboy city, Middlesex ,2015,9,0.04%
Perth Amboy city, Middlesex ,2020,44,0.21%
Phillipsburg town, Warren ,2015,4,0.04%
Phillipsburg town, Warren ,2020,22,0.25%
Pilesgrove township, Salem ,2015,1,0.03%
Pilesgrove township, Salem ,2020,17,0.55%
Pine Beach borough, Ocean ,2015,0,0.00%
Pine Beach borough, Ocean ,2020,5,0.28%
Pine Hill borough, Camden ,2015,3,0.04%
Pine Hill borough, Camden ,2020,17,0.24%
Pine Valley borough, Camden ,2015,0,0.00%
Pine Valley borough, Camden ,2020,#N/A,#N/A
Piscataway township, Middlesex ,2015,26,0.09%
Piscataway township, Middlesex ,2020,279,0.93%
Pitman borough, Gloucester ,2015,2,0.03%
Pitman borough, Gloucester ,2020,29,0.49%
Pittsgrove township, Salem ,2015,2,0.04%
Pittsgrove township, Salem ,2020,18,0.27%
Plainfield city, Union ,2015,16,0.08%
Plainfield city, Union ,2020,81,0.37%
Plainsboro township, Middlesex ,2015,21,0.14%
Plainsboro township, Middlesex ,2020,249,1.69%
Pleasantville city, Atlantic ,2015,1,0.01%
Pleasantville city, Atlantic ,2020,7,0.08%
Plumsted township, Ocean ,2015,2,0.03%
Plumsted township, Ocean ,2020,23,0.33%
Pohatcong township, Warren ,2015,1,0.04%
Pohatcong township, Warren ,2020,6,0.22%
Point Pleasant Beach borough, Ocean ,2015,4,0.13%
Point Pleasant Beach borough, Ocean ,2020,32,0.96%
Point Pleasant borough, Ocean ,2015,10,0.07%
Point Pleasant borough, Ocean ,2020,73,0.51%
Pompton Lakes borough, Passaic ,2015,1,0.01%
Pompton Lakes borough, Passaic ,2020,32,0.43%
Port Republic city, Atlantic ,2015,1,0.13%
Port Republic city, Atlantic ,2020,7,0.63%
Princeton, Mercer ,2015,54,0.37%
Princeton, Mercer ,2020,450,2.95%
Prospect Park borough, Passaic ,2015,2,0.06%
Prospect Park borough, Passaic ,2020,11,0.44%
Quinton township, Salem ,2015,0,0.02%
Quinton township, Salem ,2020,3,0.15%
Rahway city, Union ,2015,9,0.06%
Rahway city, Union ,2020,64,0.37%
Ramsey borough, Bergen ,2015,13,0.12%
Ramsey borough, Bergen ,2020,84,0.81%
Randolph township, Morris ,2015,10,0.06%
Randolph township, Morris ,2020,169,0.95%
Raritan borough, Somerset ,2015,3,0.07%
Raritan borough, Somerset ,2020,33,0.63%
Raritan township, Hunterdon ,2015,14,0.09%
Raritan township, Hunterdon ,2020,133,0.80%
Readington township, Hunterdon ,2015,15,0.11%
Readington township, Hunterdon ,2020,97,0.76%
Red Bank borough, Monmouth ,2015,9,0.13%
Red Bank borough, Monmouth ,2020,60,0.81%
Ridgefield borough, Bergen ,2015,5,0.08%
Ridgefield borough, Bergen ,2020,26,0.39%
Ridgefield Park village, Bergen ,2015,8,0.12%
Ridgefield Park village, Bergen ,2020,38,0.53%
Ridgewood village, Bergen ,2015,24,0.15%
Ridgewood village, Bergen ,2020,291,1.84%
Ringwood borough, Passaic ,2015,7,0.08%
Ringwood borough, Passaic ,2020,59,0.66%
River Edge borough, Bergen ,2015,2,0.03%
River Edge borough, Bergen ,2020,70,0.92%
River Vale township, Bergen ,2015,7,0.11%
River Vale township, Bergen ,2020,70,1.01%
Riverdale borough, Morris ,2015,3,0.09%
Riverdale borough, Morris ,2020,14,0.43%
Riverside township, Burlington ,2015,3,0.06%
Riverside township, Burlington ,2020,17,0.35%
Riverton borough, Burlington ,2015,2,0.09%
Riverton borough, Burlington ,2020,12,0.63%
Robbinsville township, Mercer ,2015,11,0.12%
Robbinsville township, Mercer ,2020,128,1.30%
Rochelle Park township, Bergen ,2015,1,0.03%
Rochelle Park township, Bergen ,2020,11,0.29%
Rockaway borough, Morris ,2015,4,0.08%
Rockaway borough, Morris ,2020,25,0.58%
Rockaway township, Morris ,2015,9,0.05%
Rockaway township, Morris ,2020,76,0.41%
Rockleigh borough, Bergen ,2015,0,0.12%
Rockleigh borough, Bergen ,2020,2,1.15%
Rocky Hill borough, Somerset ,2015,1,0.23%
Rocky Hill borough, Somerset ,2020,10,2.30%
Roosevelt borough, Monmouth ,2015,0,0.02%
Roosevelt borough, Monmouth ,2020,5,0.85%
Roseland borough, Essex ,2015,4,0.09%
Roseland borough, Essex ,2020,54,1.28%
Roselle borough, Union ,2015,3,0.03%
Roselle borough, Union ,2020,21,0.18%
Roselle Park borough, Union ,2015,6,0.07%
Roselle Park borough, Union ,2020,26,0.30%
Roxbury township, Morris ,2015,9,0.05%
Roxbury township, Morris ,2020,63,0.37%
Rumson borough, Monmouth ,2015,18,0.38%
Rumson borough, Monmouth ,2020,74,1.61%
Runnemede borough, Camden ,2015,2,0.04%
Runnemede borough, Camden ,2020,12,0.23%
Rutherford borough, Bergen ,2015,6,0.06%
Rutherford borough, Bergen ,2020,70,0.64%
Saddle Brook township, Bergen ,2015,1,0.01%
Saddle Brook township, Bergen ,2020,27,0.31%
Saddle River borough, Bergen ,2015,8,0.32%
Saddle River borough, Bergen ,2020,83,3.02%
Salem city, Salem ,2015,1,0.05%
Salem city, Salem ,2020,9,0.44%
Sandyston township, Sussex ,2015,1,0.09%
Sandyston township, Sussex ,2020,6,0.39%
Sayreville borough, Middlesex ,2015,9,0.03%
Sayreville borough, Middlesex ,2020,143,0.49%
Scotch Plains township, Union ,2015,15,0.09%
Scotch Plains township, Union ,2020,163,0.97%
Sea Bright borough, Monmouth ,2015,8,0.71%
Sea Bright borough, Monmouth ,2020,33,3.17%
Sea Girt borough, Monmouth ,2015,2,0.13%
Sea Girt borough, Monmouth ,2020,26,1.93%
Sea Isle City city, Cape May ,2015,0,0.00%
Sea Isle City city, Cape May ,2020,39,2.24%
Seaside Heights borough, Ocean ,2015,1,0.04%
Seaside Heights borough, Ocean ,2020,8,0.56%
Seaside Park borough, Ocean ,2015,0,0.00%
Seaside Park borough, Ocean ,2020,11,0.70%
Secaucus town, Hudson ,2015,13,0.13%
Secaucus town, Hudson ,2020,107,0.91%
Shamong township, Burlington ,2015,4,0.07%
Shamong township, Burlington ,2020,21,0.43%
Shiloh borough, Cumberland ,2015,0,0.00%
Shiloh borough, Cumberland ,2020,1,0.37%
Ship Bottom borough, Ocean ,2015,1,0.10%
Ship Bottom borough, Ocean ,2020,8,0.90%
Shrewsbury borough, Monmouth ,2015,5,0.19%
Shrewsbury borough, Monmouth ,2020,23,0.82%
Shrewsbury township, Monmouth ,2015,1,0.07%
Shrewsbury township, Monmouth ,2020,6,0.64%
Somerdale borough, Camden ,2015,3,0.08%
Somerdale borough, Camden ,2020,13,0.34%
Somers Point city, Atlantic ,2015,1,0.02%
Somers Point city, Atlantic ,2020,14,0.21%
Somerville borough, Somerset ,2015,8,0.11%
Somerville borough, Somerset ,2020,63,0.87%
South Amboy city, Middlesex ,2015,2,0.03%
South Amboy city, Middlesex ,2020,23,0.41%
South Bound Brook borough, Somerset ,2015,3,0.11%
South Bound Brook borough, Somerset ,2020,19,0.66%
South Brunswick township, Middlesex ,2015,49,0.17%
South Brunswick township, Middlesex ,2020,512,1.72%
South Hackensack township, Bergen ,2015,0,0.01%
South Hackensack township, Bergen ,2020,6,0.42%
South Harrison township, Gloucester ,2015,2,0.08%
South Harrison township, Gloucester ,2020,17,0.77%
South Orange Village township, Essex ,2015,21,0.25%
South Orange Village township, Essex ,2020,171,2.15%
South Plainfield borough, Middlesex ,2015,8,0.05%
South Plainfield borough, Middlesex ,2020,84,0.51%
South River borough, Middlesex ,2015,7,0.07%
South River borough, Middlesex ,2020,33,0.35%
South Toms River borough, Ocean ,2015,0,0.02%
South Toms River borough, Ocean ,2020,3,0.14%
Southampton township, Burlington ,2015,9,0.11%
Southampton township, Burlington ,2020,50,0.64%
Sparta township, Sussex ,2015,18,0.13%
Sparta township, Sussex ,2020,132,0.97%
Spotswood borough, Middlesex ,2015,2,0.04%
Spotswood borough, Middlesex ,2020,25,0.44%
Spring Lake borough, Monmouth ,2015,3,0.11%
Spring Lake borough, Monmouth ,2020,26,1.08%
Spring Lake Heights borough, Monmouth ,2015,4,0.12%
Spring Lake Heights borough, Monmouth ,2020,42,1.30%
Springfield township, Burlington ,2015,1,0.05%
Springfield township, Burlington ,2020,11,0.41%
Springfield township, Union ,2015,4,0.04%
Springfield township, Union ,2020,70,0.58%
Stafford township, Ocean ,2015,7,0.04%
Stafford township, Ocean ,2020,90,0.43%
Stanhope borough, Sussex ,2015,1,0.04%
Stanhope borough, Sussex ,2020,7,0.29%
Stillwater township, Sussex ,2015,1,0.04%
Stillwater township, Sussex ,2020,10,0.31%
Stockton borough, Hunterdon ,2015,1,0.11%
Stockton borough, Hunterdon ,2020,4,0.84%
Stone Harbor borough, Cape May ,2015,1,0.15%
Stone Harbor borough, Cape May ,2020,24,3.20%
Stow Creek township, Cumberland ,2015,0,0.03%
Stow Creek township, Cumberland ,2020,2,0.25%
Stratford borough, Camden ,2015,2,0.05%
Stratford borough, Camden ,2020,9,0.20%
Summit city, Union ,2015,32,0.25%
Summit city, Union ,2020,224,1.61%
Surf City borough, Ocean ,2015,1,0.07%
Surf City borough, Ocean ,2020,6,0.55%
Sussex borough, Sussex ,2015,1,0.09%
Sussex borough, Sussex ,2020,6,0.50%
Swedesboro borough, Gloucester ,2015,1,0.08%
Swedesboro borough, Gloucester ,2020,16,1.02%
Tabernacle township, Burlington ,2015,4,0.07%
Tabernacle township, Burlington ,2020,23,0.37%
Tavistock borough, Camden ,2015,0,0.00%
Tavistock borough, Camden ,2020,1,16.67%
Teaneck township, Bergen ,2015,20,0.09%
Teaneck township, Bergen ,2020,173,0.78%
Tenafly borough, Bergen ,2015,17,0.19%
Tenafly borough, Bergen ,2020,241,2.78%
Teterboro borough, Bergen ,2015,0,0.00%
Teterboro borough, Bergen ,2020,1,2.04%
Tewksbury township, Hunterdon ,2015,6,0.12%
Tewksbury township, Hunterdon ,2020,50,1.13%
Tinton Falls borough, Monmouth ,2015,7,0.06%
Tinton Falls borough, Monmouth ,2020,65,0.52%
Toms River township, Ocean ,2015,27,0.04%
Toms River township, Ocean ,2020,291,0.45%
Totowa borough, Passaic ,2015,1,0.02%
Totowa borough, Passaic ,2020,44,0.61%
Trenton city, Mercer ,2015,8,0.03%
Trenton city, Mercer ,2020,69,0.22%
Tuckerton borough, Ocean ,2015,2,0.07%
Tuckerton borough, Ocean ,2020,9,0.36%
Union Beach borough, Monmouth ,2015,2,0.05%
Union Beach borough, Monmouth ,2020,12,0.31%
Union City city, Hudson ,2015,5,0.03%
Union City city, Hudson ,2020,54,0.26%
Union township, Hunterdon ,2015,4,0.09%
Union township, Hunterdon ,2020,26,0.77%
Union township, Union ,2015,9,0.03%
Union township, Union ,2020,109,0.29%
Upper Deerfield township, Cumberland ,2015,2,0.03%
Upper Deerfield township, Cumberland ,2020,9,0.19%
Upper Freehold township, Monmouth ,2015,3,0.07%
Upper Freehold township, Monmouth ,2020,42,0.79%
Upper Pittsgrove township, Salem ,2015,2,0.09%
Upper Pittsgrove township, Salem ,2020,11,0.44%
Upper Saddle River borough, Bergen ,2015,12,0.21%
Upper Saddle River borough, Bergen ,2020,123,2.12%
Upper township, Cape May ,2015,9,0.10%
Upper township, Cape May ,2020,39,0.41%
Ventnor City city, Atlantic ,2015,5,0.08%
Ventnor City city, Atlantic ,2020,31,0.51%
Vernon township, Sussex ,2015,12,0.07%
Vernon township, Sussex ,2020,67,0.38%
Verona township, Essex ,2015,5,0.06%
Verona township, Essex ,2020,81,0.88%
Victory Gardens borough, Morris ,2015,0,0.01%
Victory Gardens borough, Morris ,2020,2,0.23%
Vineland city, Cumberland ,2015,14,0.04%
Vineland city, Cumberland ,2020,102,0.27%
Voorhees township, Camden ,2015,26,0.14%
Voorhees township, Camden ,2020,241,1.24%
Waldwick borough, Bergen ,2015,4,0.06%
Waldwick borough, Bergen ,2020,28,0.43%
Wall township, Monmouth ,2015,10,0.05%
Wall township, Monmouth ,2020,119,0.60%
Wallington borough, Bergen ,2015,3,0.04%
Wallington borough, Bergen ,2020,27,0.37%
Walpack township, Sussex ,2015,0,0.00%
Walpack township, Sussex ,2020,1,12.50%
Wanaque borough, Passaic ,2015,3,0.04%
Wanaque borough, Passaic ,2020,32,0.39%
Wantage township, Sussex ,2015,5,0.06%
Wantage township, Sussex ,2020,27,0.32%
Warren township, Somerset ,2015,29,0.27%
Warren township, Somerset ,2020,258,2.27%
Washington borough, Warren ,2015,4,0.08%
Washington borough, Warren ,2020,17,0.37%
Washington township, Bergen ,2015,6,0.09%
Washington township, Bergen ,2020,59,0.88%
Washington township, Burlington ,2015,0,0.03%
Washington township, Burlington ,2020,2,0.40%
Washington township, Gloucester ,2015,18,0.06%
Washington township, Gloucester ,2020,142,0.42%
Washington township, Morris ,2015,13,0.10%
Washington township, Morris ,2020,96,0.73%
Washington township, Warren ,2015,3,0.06%
Washington township, Warren ,2020,15,0.29%
Watchung borough, Somerset ,2015,20,0.47%
Watchung borough, Somerset ,2020,105,2.57%
Waterford township, Camden ,2015,5,0.06%
Waterford township, Camden ,2020,17,0.21%
Wayne township, Passaic ,2015,19,0.06%
Wayne township, Passaic ,2020,232,0.65%
Weehawken township, Hudson ,2015,7,0.12%
Weehawken township, Hudson ,2020,84,1.09%
Wenonah borough, Gloucester ,2015,1,0.03%
Wenonah borough, Gloucester ,2020,8,0.50%
West Amwell township, Hunterdon ,2015,3,0.12%
West Amwell township, Hunterdon ,2020,21,0.88%
West Caldwell township, Essex ,2015,5,0.07%
West Caldwell township, Essex ,2020,70,0.89%
West Cape May borough, Cape May ,2015,1,0.08%
West Cape May borough, Cape May ,2020,9,1.14%
West Deptford township, Gloucester ,2015,3,0.02%
West Deptford township, Gloucester ,2020,44,0.30%
West Long Branch borough, Monmouth ,2015,7,0.15%
West Long Branch borough, Monmouth ,2020,54,1.07%
West Milford township, Passaic ,2015,9,0.05%
West Milford township, Passaic ,2020,67,0.34%
West New York town, Hudson ,2015,4,0.03%
West New York town, Hudson ,2020,94,0.61%
West Orange township, Essex ,2015,21,0.08%
West Orange township, Essex ,2020,254,0.93%
West Wildwood borough, Cape May ,2015,0,0.06%
West Wildwood borough, Cape May ,2020,6,1.92%
West Windsor township, Mercer ,2015,53,0.30%
West Windsor township, Mercer ,2020,508,2.77%
Westampton township, Burlington ,2015,5,0.07%
Westampton township, Burlington ,2020,22,0.34%
Westfield town, Union ,2015,23,0.12%
Westfield town, Union ,2020,268,1.37%
Westville borough, Gloucester ,2015,1,0.03%
Westville borough, Gloucester ,2020,5,0.20%
Westwood borough, Bergen ,2015,11,0.16%
Westwood borough, Bergen ,2020,105,1.45%
Weymouth township, Atlantic ,2015,1,0.03%
Weymouth township, Atlantic ,2020,5,0.20%
Wharton borough, Morris ,2015,0,0.00%
Wharton borough, Morris ,2020,17,0.42%
White township, Warren ,2015,1,0.02%
White township, Warren ,2020,8,0.23%
Wildwood city, Cape May ,2015,2,0.06%
Wildwood city, Cape May ,2020,48,2.02%
Wildwood Crest borough, Cape May ,2015,1,0.04%
Wildwood Crest borough, Cape May ,2020,29,1.11%
Willingboro township, Burlington ,2015,10,0.05%
Willingboro township, Burlington ,2020,41,0.20%
Winfield township, Union ,2015,1,0.05%
Winfield township, Union ,2020,4,0.34%
Winslow township, Camden ,2015,17,0.07%
Winslow township, Camden ,2020,105,0.42%
Woodbine borough, Cape May ,2015,1,0.10%
Woodbine borough, Cape May ,2020,5,0.35%
Woodbridge township, Middlesex ,2015,26,0.04%
Woodbridge township, Middlesex ,2020,278,0.47%
Woodbury city, Gloucester ,2015,5,0.09%
Woodbury city, Gloucester ,2020,24,0.40%
Woodbury Heights borough, Gloucester ,2015,2,0.09%
Woodbury Heights borough, Gloucester ,2020,6,0.26%
Woodcliff Lake borough, Bergen ,2015,6,0.14%
Woodcliff Lake borough, Bergen ,2020,62,1.53%
Woodland Park borough, Passaic ,2015,4,0.06%
Woodland Park borough, Passaic ,2020,42,0.53%
Woodland township, Burlington ,2015,0,0.03%
Woodland township, Burlington ,2020,6,0.46%
Woodlynne borough, Camden ,2015,1,0.10%
Woodlynne borough, Camden ,2020,7,0.64%
Wood-Ridge borough, Bergen ,2015,6,0.11%
Wood-Ridge borough, Bergen ,2020,71,1.18%
Woodstown borough, Salem ,2015,1,0.03%
Woodstown borough, Salem ,2020,15,0.64%
Woolwich township, Gloucester ,2015,4,0.05%
Woolwich township, Gloucester ,2020,51,0.64%
Wrightstown borough, Burlington ,2015,0,0.10%
Wrightstown borough, Burlington ,2020,6,1.56%
Wyckoff township, Bergen ,2015,9,0.08%
Wyckoff township, Bergen ,2020,119,1.03%
