Municipality,County,Year,Total Residential Electricity,Total Residential Natural Gas
Aberdeen township,Monmouth,2015,58511214,5298920
Aberdeen township,Monmouth,2018,58693247,5596974
Aberdeen township,Monmouth,2019,57669637,5322271
Aberdeen township,Monmouth,2020,59539032,4952832
Aberdeen township,Monmouth,2021,61144726,5163106
Absecon city,Atlantic,2015,37043312,2739186
Absecon city,Atlantic,2016,35064773,2375988
Absecon city,Atlantic,2017,32920965,2366786
Absecon city,Atlantic,2018,35642558,2854823
Absecon city,Atlantic,2019,34315354,2661504
Absecon city,Atlantic,2020,34737469,2498445
Absecon city,Atlantic,2021,34951610,2566569
Allamuchy township,Warren,2015,20730321,1423922
Allamuchy township,Warren,2018,19826158,1814281
Allamuchy township,Warren,2019,19427553,1736972
Allamuchy township,Warren,2020,20289839,2392457
Allamuchy township,Warren,2021,20518656,3397057
Allendale borough,Bergen,2015,28346006,3623971
Allendale borough,Bergen,2016,28068829,3225860
Allendale borough,Bergen,2017,26736094,3387689
Allendale borough,Bergen,2018,28070368,3704200
Allendale borough,Bergen,2019,26663680,3597916
Allendale borough,Bergen,2020,28392440,3385514
Allendale borough,Bergen,2021,28222487,3481728
Allenhurst borough,Monmouth,2015,4924969,570346
Allenhurst borough,Monmouth,2018,5074239,559396
Allenhurst borough,Monmouth,2019,4903906,509360
Allenhurst borough,Monmouth,2020,5876198,516095
Allenhurst borough,Monmouth,2021,5832469,548612
Allentown borough,Monmouth,2015,6813249,581781
Allentown borough,Monmouth,2016,6715178,526532
Allentown borough,Monmouth,2017,6478881,518634
Allentown borough,Monmouth,2018,6931898,588438
Allentown borough,Monmouth,2019,6573025,555038
Allentown borough,Monmouth,2020,6653337,511123
Allentown borough,Monmouth,2021,6667524,528183
Alloway township,Salem,2015,12836529,5930
Alloway township,Salem,2016,12092878,5060
Alloway township,Salem,2017,11385483,8225
Alloway township,Salem,2018,11947390,9582
Alloway township,Salem,2019,11273602,9723
Alloway township,Salem,2020,11262278,13257
Alloway township,Salem,2021,11257923,13886
Alpha borough,Warren,2015,8296432,370134
Alpha borough,Warren,2018,8530872,480650
Alpha borough,Warren,2019,8113548,451569
Alpha borough,Warren,2020,8418490,678291
Alpha borough,Warren,2021,8601564,899881
Alpine borough,Bergen,2015,20969468,2374623
Alpine borough,Bergen,2016,20337317,2071571
Alpine borough,Bergen,2017,19628991,2196787
Alpine borough,Bergen,2018,20622830,2447848
Alpine borough,Bergen,2019,19779472,2349204
Alpine borough,Bergen,2020,20250252,2185929
Alpine borough,Bergen,2021,20207219,2249093
Andover township,Sussex,2015,26779192,241574
Andover township,Sussex,2018,26782568,311863
Andover township,Sussex,2019,26121779,311768
Andover township,Sussex,2020,26313608,444775
Andover township,Sussex,2021,27337283,635307
Asbury Park city,Monmouth,2015,35569874,3358743
Asbury Park city,Monmouth,2018,36249006,3356720
Asbury Park city,Monmouth,2019,35748039,3149354
Asbury Park city,Monmouth,2020,37662168,2500735
Asbury Park city,Monmouth,2021,39173387,2640599
Atlantic City city,Atlantic,2015,86034398,7092311
Atlantic City city,Atlantic,2016,82893821,6102499
Atlantic City city,Atlantic,2017,78345565,6005726
Atlantic City city,Atlantic,2018,84301307,6971380
Atlantic City city,Atlantic,2019,81804631,6479340
Atlantic City city,Atlantic,2020,84330462,6018090
Atlantic City city,Atlantic,2021,85512179,6414631
Atlantic Highlands borough,Monmouth,2015,19079600,1832611
Atlantic Highlands borough,Monmouth,2018,18846135,1834913
Atlantic Highlands borough,Monmouth,2019,18340452,1747913
Atlantic Highlands borough,Monmouth,2020,18621512,26745606
Atlantic Highlands borough,Monmouth,2021,19515498,28630901
Audubon borough,Camden,2015,29658636,2643585
Audubon borough,Camden,2016,29599862,2348922
Audubon borough,Camden,2017,27972784,2318137
Audubon borough,Camden,2018,30054121,2762056
Audubon borough,Camden,2019,28769429,2621218
Audubon borough,Camden,2020,29367624,2326222
Audubon borough,Camden,2021,29564402,2487276
Avalon borough,Cape May,2015,45374229,2938508
Avalon borough,Cape May,2016,45705449,2322403
Avalon borough,Cape May,2017,43378167,2518407
Avalon borough,Cape May,2018,49116767,3108814
Avalon borough,Cape May,2019,47925137,2858086
Avalon borough,Cape May,2020,51298904,2825477
Avalon borough,Cape May,2021,51146711,3189400
Avon-by-the-Sea borough,Monmouth,2015,9129031,1004215
Avon-by-the-Sea borough,Monmouth,2018,9651609,1033385
Avon-by-the-Sea borough,Monmouth,2019,9365969,963005
Avon-by-the-Sea borough,Monmouth,2020,9745025,886760
Avon-by-the-Sea borough,Monmouth,2021,9862470,949529
Barnegat Light borough,Ocean,2015,8410148,483884
Barnegat Light borough,Ocean,2016,8676055,441519
Barnegat Light borough,Ocean,2017,7960336,445112
Barnegat Light borough,Ocean,2018,8720206,547126
Barnegat Light borough,Ocean,2019,8793857,515699
Barnegat Light borough,Ocean,2020,8886798,494330
Barnegat Light borough,Ocean,2021,9658849,543028
Barnegat township,Ocean,2015,90430459,6968844
Barnegat township,Ocean,2016,18994373,6566464
Barnegat township,Ocean,2017,18134659,6190789
Barnegat township,Ocean,2018,90488088,7924747
Barnegat township,Ocean,2019,88051365,6912199
Barnegat township,Ocean,2020,91170458,7571289
Barnegat township,Ocean,2021,96140267,7288746
Barrington borough,Camden,2015,23285756,1753656
Barrington borough,Camden,2016,23151835,1564852
Barrington borough,Camden,2017,21915579,1530504
Barrington borough,Camden,2018,23174250,1806625
Barrington borough,Camden,2019,22682134,1723752
Barrington borough,Camden,2020,23008191,1531148
Barrington borough,Camden,2021,23450193,1670893
Bass River township,Burlington,2015,6209917,35573
Bass River township,Burlington,2016,5710903,94893
Bass River township,Burlington,2017,5292077,120333
Bass River township,Burlington,2018,5667876,154826
Bass River township,Burlington,2019,5306640,149121
Bass River township,Burlington,2020,5286017,5156719
Bass River township,Burlington,2021,5348701,5399448
Bay Head borough,Ocean,2015,9310200,986214
Bay Head borough,Ocean,2018,9760121,1044639
Bay Head borough,Ocean,2019,9812288,959164
Bay Head borough,Ocean,2020,10757738,929527
Bay Head borough,Ocean,2021,10996326,1003372
Bayonne city,Hudson,2015,144021980,16028881
Bayonne city,Hudson,2016,144706450,14141956
Bayonne city,Hudson,2017,138429717,14518636
Bayonne city,Hudson,2018,144992458,16545084
Bayonne city,Hudson,2019,139739936,15918239
Bayonne city,Hudson,2020,148912425,14658643
Bayonne city,Hudson,2021,152391139,15464873
Beach Haven borough,Ocean,2015,31330394,4015734
Beach Haven borough,Ocean,2016,31016013,772722
Beach Haven borough,Ocean,2017,29598734,822444
Beach Haven borough,Ocean,2018,33670680,1021251
Beach Haven borough,Ocean,2019,32688934,919456
Beach Haven borough,Ocean,2020,35437136,5735920
Beach Haven borough,Ocean,2021,35909217,6072626
Beachwood borough,Ocean,2015,38119804,2765044
Beachwood borough,Ocean,2018,37165268,2808574
Beachwood borough,Ocean,2019,35448256,2680560
Beachwood borough,Ocean,2020,36701859,3060168
Beachwood borough,Ocean,2021,37767637,3267868
Bedminster township,Somerset,2015,35533244,2435230
Bedminster township,Somerset,2018,33499671,2423717
Bedminster township,Somerset,2019,32141504,2227002
Bedminster township,Somerset,2020,32153525,2047687
Bedminster township,Somerset,2021,32591792,2168552
Belleville township,Essex,2015,85396024,9354901
Belleville township,Essex,2016,85558425,8648789
Belleville township,Essex,2017,81374124,8800576
Belleville township,Essex,2018,85818565,9850256
Belleville township,Essex,2019,82020195,9568076
Belleville township,Essex,2020,86045467,8735957
Belleville township,Essex,2021,85742128,8972137
Bellmawr borough,Camden,2015,37077187,2964220
Bellmawr borough,Camden,2016,36840636,2701825
Bellmawr borough,Camden,2017,34250625,2652419
Bellmawr borough,Camden,2018,36718769,3004297
Bellmawr borough,Camden,2019,35453213,2842167
Bellmawr borough,Camden,2020,35819381,2572545
Bellmawr borough,Camden,2021,35949713,2710112
Belmar borough,Monmouth,2015,25102315,2288819
Belmar borough,Monmouth,2018,25940314,2360308
Belmar borough,Monmouth,2019,25275979,2210594
Belmar borough,Monmouth,2020,26116057,2060301
Belmar borough,Monmouth,2021,27012138,2143132
Belvidere town,Warren,2015,10708059,168162
Belvidere town,Warren,2018,10263400,243984
Belvidere town,Warren,2019,10042320,264795
Belvidere town,Warren,2020,10442555,393685
Belvidere town,Warren,2021,10739574,606758
Bergenfield borough,Bergen,2015,69399008,7996343
Bergenfield borough,Bergen,2016,68297992,6679602
Bergenfield borough,Bergen,2017,65379208,7045148
Bergenfield borough,Bergen,2018,69316537,7912407
Bergenfield borough,Bergen,2019,65982982,7698067
Bergenfield borough,Bergen,2020,69714154,6997191
Bergenfield borough,Bergen,2021,69607368,7413450
Berkeley heights township,Union,2015,45279710,5374061
Berkeley heights township,Union,2018,44184184,5524462
Berkeley heights township,Union,2019,43152813,5208975
Berkeley heights township,Union,2020,44540918,4827906
Berkeley heights township,Union,2021,45712802,5052953
Berkeley township,Ocean,2015,166154977,17199365
Berkeley township,Ocean,2018,164739367,18208654
Berkeley township,Ocean,2019,160428204,17256292
Berkeley township,Ocean,2020,163915258,2086597
Berkeley township,Ocean,2021,167858591,2184635
Berlin borough,Camden,2015,42414229,2827050
Berlin borough,Camden,2016,40922364,2323964
Berlin borough,Camden,2017,38070789,2349720
Berlin borough,Camden,2018,40317981,2840145
Berlin borough,Camden,2019,38263178,2624544
Berlin borough,Camden,2020,38732969,2466146
Berlin borough,Camden,2021,39621541,2676318
Berlin township,Camden,2015,25968780,1240392
Berlin township,Camden,2016,24961810,1058634
Berlin township,Camden,2017,23443912,1099063
Berlin township,Camden,2018,24590830,1350248
Berlin township,Camden,2019,23533704,1288385
Berlin township,Camden,2020,24369421,1229278
Berlin township,Camden,2021,24683081,1336339
Bernards township,Somerset,2015,122053405,12056472
Bernards township,Somerset,2016,307,10126454
Bernards township,Somerset,2017,3894,10818478
Bernards township,Somerset,2018,117635311,12509388
Bernards township,Somerset,2019,112594466,11500471
Bernards township,Somerset,2020,116048774,10750280
Bernards township,Somerset,2021,118189716,11228257
Bernardsville borough,Somerset,2015,46525096,3694350
Bernardsville borough,Somerset,2018,45627415,4160902
Bernardsville borough,Somerset,2019,44305167,3974094
Bernardsville borough,Somerset,2020,45494525,3746546
Bernardsville borough,Somerset,2021,47713081,3913042
Bethlehem township,Hunterdon,2015,18432706,49272
Bethlehem township,Hunterdon,2018,18050552,59510
Bethlehem township,Hunterdon,2019,17703915,57423
Bethlehem township,Hunterdon,2020,18310856,88958
Bethlehem township,Hunterdon,2021,18929463,111974
Beverly city,Burlington,2015,7558424,759269
Beverly city,Burlington,2016,7488452,660412
Beverly city,Burlington,2017,7138858,663164
Beverly city,Burlington,2018,7675040,774465
Beverly city,Burlington,2019,7690253,744539
Beverly city,Burlington,2020,8003742,687125
Beverly city,Burlington,2021,8356868,762289
Bloomfield township,Essex,2015,116532042,13693302
Bloomfield township,Essex,2016,118775979,12322134
Bloomfield township,Essex,2017,113837552,12168106
Bloomfield township,Essex,2018,123279023,14574784
Bloomfield township,Essex,2019,115963803,13529380
Bloomfield township,Essex,2020,123275028,12774892
Bloomfield township,Essex,2021,124322084,13556831
Bloomingdale borough,Passaic,2015,128934,2385158
Bloomingdale borough,Passaic,2018,177551,2458974
Bloomingdale borough,Passaic,2019,158264,2348621
Bloomingdale borough,Passaic,2020,175673,2158695
Bloomingdale borough,Passaic,2021,176673,2266706
Bloomsbury borough,Hunterdon,2015,3900673,51271
Bloomsbury borough,Hunterdon,2018,3659542,71667
Bloomsbury borough,Hunterdon,2019,3534608,71188
Bloomsbury borough,Hunterdon,2020,3630511,107681
Bloomsbury borough,Hunterdon,2021,3837278,146786
Bogota borough,Bergen,2015,20180719,2409820
Bogota borough,Bergen,2016,20144532,2098439
Bogota borough,Bergen,2017,19428604,2179608
Bogota borough,Bergen,2018,20657289,2465260
Bogota borough,Bergen,2019,19410199,2343394
Bogota borough,Bergen,2020,20403358,2162510
Bogota borough,Bergen,2021,21358167,2370541
Boonton Town,Morris,2015,24803841,2842916
Boonton Town,Morris,2018,25289223,2997264
Boonton Town,Morris,2019,25310227,2874265
Boonton Town,Morris,2020,26167405,2701248
Boonton Town,Morris,2021,26994673,2763048
Boonton township,Morris,2015,22104496,752334
Boonton township,Morris,2018,22063400,815030
Boonton township,Morris,2019,21382760,759962
Boonton township,Morris,2020,22190886,734842
Boonton township,Morris,2021,22668193,752984
Bordentown city,Burlington,2015,12517500,1161512
Bordentown city,Burlington,2016,12547398,1053667
Bordentown city,Burlington,2017,11885073,1027940
Bordentown city,Burlington,2018,12712224,1216327
Bordentown city,Burlington,2019,12152809,1156337
Bordentown city,Burlington,2020,12673725,1027156
Bordentown city,Burlington,2021,12744764,1110628
Bordentown township,Burlington,2015,37986679,3158929
Bordentown township,Burlington,2016,38089578,2782754
Bordentown township,Burlington,2017,35487326,2798078
Bordentown township,Burlington,2018,37760160,3219491
Bordentown township,Burlington,2019,35911148,3032277
Bordentown township,Burlington,2020,36806227,2744360
Bordentown township,Burlington,2021,36703844,2911453
Bound Brook borough,Somerset,2015,26391723,2955226
Bound Brook borough,Somerset,2016,26628374,2477177
Bound Brook borough,Somerset,2017,25856673,2641508
Bound Brook borough,Somerset,2018,27944885,3020504
Bound Brook borough,Somerset,2019,26861889,2880497
Bound Brook borough,Somerset,2020,27469123,2611304
Bound Brook borough,Somerset,2021,28299191,2753801
Bradley Beach borough,Monmouth,2015,16361855,1670301
Bradley Beach borough,Monmouth,2018,16521427,1702339
Bradley Beach borough,Monmouth,2019,16061520,1577333
Bradley Beach borough,Monmouth,2020,16889442,1455566
Bradley Beach borough,Monmouth,2021,17284653,1551611
Branchburg township,Somerset,2015,59621102,5537441
Branchburg township,Somerset,2016,449183,5095537
Branchburg township,Somerset,2017,428716,5221666
Branchburg township,Somerset,2018,59105086,5710339
Branchburg township,Somerset,2019,57165179,5564340
Branchburg township,Somerset,2020,58816849,5138791
Branchburg township,Somerset,2021,60378352,5350226
Brick township,Ocean,2015,305110883,21255519
Brick township,Ocean,2018,303174218,22538247
Brick township,Ocean,2019,291950296,21534973
Brick township,Ocean,2020,295496332,19402922
Brick township,Ocean,2021,303276702,20725854
Bridgeton city,Cumberland,2015,127618518,3128259
Bridgeton city,Cumberland,2016,119932240,2744149
Bridgeton city,Cumberland,2017,113143421,2741101
Bridgeton city,Cumberland,2018,118147045,3342269
Bridgeton city,Cumberland,2019,112214602,3143264
Bridgeton city,Cumberland,2020,114219742,2991417
Bridgeton city,Cumberland,2021,116902601,3309830
Bridgewater township,Somerset,2015,156222979,16523673
Bridgewater township,Somerset,2016,122738149,14579021
Bridgewater township,Somerset,2017,116811217,14881580
Bridgewater township,Somerset,2018,155370651,17265139
Bridgewater township,Somerset,2019,146732027,16116492
Bridgewater township,Somerset,2020,152105517,14642528
Bridgewater township,Somerset,2021,152914641,15313490
Brielle borough,Monmouth,2015,26111939,2259372
Brielle borough,Monmouth,2018,26433811,2287017
Brielle borough,Monmouth,2019,25844802,2207201
Brielle borough,Monmouth,2020,26558818,21859132
Brielle borough,Monmouth,2021,27143308,21864724
Brigantine city,Atlantic,2015,61141153,4277053
Brigantine city,Atlantic,2016,57961074,3625538
Brigantine city,Atlantic,2017,53773877,3556093
Brigantine city,Atlantic,2018,60330307,4461349
Brigantine city,Atlantic,2019,57385734,4002561
Brigantine city,Atlantic,2020,57919246,3568762
Brigantine city,Atlantic,2021,57323709,3952165
Brooklawn borough,Camden,2015,5705199,468625
Brooklawn borough,Camden,2016,5695864,431237
Brooklawn borough,Camden,2017,5404460,431068
Brooklawn borough,Camden,2018,5718784,493974
Brooklawn borough,Camden,2019,5480963,479137
Brooklawn borough,Camden,2020,5517468,427997
Brooklawn borough,Camden,2021,5542290,451410
Buena borough,Atlantic,2015,15399801,1179586
Buena borough,Atlantic,2016,14685681,1054097
Buena borough,Atlantic,2017,13620992,1022730
Buena borough,Atlantic,2018,25395314,1229877
Buena borough,Atlantic,2019,24117902,1160795
Buena borough,Atlantic,2020,13150015,1034123
Buena borough,Atlantic,2021,14244799,1173801
Buena Vista township,Atlantic,2015,38203619,1316723
Buena Vista township,Atlantic,2016,35997827,1163208
Buena Vista township,Atlantic,2017,32838715,1137328
Buena Vista township,Atlantic,2018,24108185,1409915
Buena Vista township,Atlantic,2019,22854566,1330421
Buena Vista township,Atlantic,2020,33355594,1252180
Buena Vista township,Atlantic,2021,33718307,1346340
Burlington city,Burlington,2015,29667394,2967185
Burlington city,Burlington,2016,29069759,2463705
Burlington city,Burlington,2017,27631968,2572904
Burlington city,Burlington,2018,29872735,2970857
Burlington city,Burlington,2019,29046798,2808930
Burlington city,Burlington,2020,29894507,2558025
Burlington city,Burlington,2021,31722537,2865180
Burlington township,Burlington,2015,74964199,6402371
Burlington township,Burlington,2016,74336017,5258470
Burlington township,Burlington,2017,70149497,5548862
Burlington township,Burlington,2018,72904856,6432310
Burlington township,Burlington,2019,69358515,6097124
Burlington township,Burlington,2020,71141020,5607920
Burlington township,Burlington,2021,71057006,6001329
Butler borough,Morris,2015,8487,2763970
Butler borough,Morris,2018,11125,2891258
Butler borough,Morris,2019,9725,2819713
Butler borough,Morris,2020,12085,2544946
Butler borough,Morris,2021,11252,2659080
Caldwell borough,Essex,2015,21956248,2528116
Caldwell borough,Essex,2016,21847681,2306442
Caldwell borough,Essex,2017,20871104,2332447
Caldwell borough,Essex,2018,21992380,2572473
Caldwell borough,Essex,2019,20927807,2498837
Caldwell borough,Essex,2020,22066922,2266946
Caldwell borough,Essex,2021,21918098,2316819
Califon borough,Hunterdon,2015,4694265,145285
Califon borough,Hunterdon,2018,4809432,182249
Califon borough,Hunterdon,2019,4624396,174233
Califon borough,Hunterdon,2020,4739121,271103
Califon borough,Hunterdon,2021,4881682,348950
Camden city,Camden,2015,155789502,17270701
Camden city,Camden,2016,157528296,15762576
Camden city,Camden,2017,159547230,16555321
Camden city,Camden,2018,160497124,17020016
Camden city,Camden,2019,156647964,15667915
Camden city,Camden,2020,162633958,14285494
Camden city,Camden,2021,170849691,15349246
Cape May City,Cape May,2015,32753952,1888078
Cape May City,Cape May,2016,31474903,1507332
Cape May City,Cape May,2017,29672586,1550916
Cape May City,Cape May,2018,33264143,1973667
Cape May City,Cape May,2019,31041878,1674251
Cape May City,Cape May,2020,31399800,1536500
Cape May City,Cape May,2021,32685539,1792932
Cape May Point borough,Cape May,2015,4478744,130273
Cape May Point borough,Cape May,2016,4261633,107546
Cape May Point borough,Cape May,2017,3988133,121487
Cape May Point borough,Cape May,2018,4565420,170965
Cape May Point borough,Cape May,2019,4254561,153320
Cape May Point borough,Cape May,2020,4397526,147583
Cape May Point borough,Cape May,2021,4644288,180234
Carlstadt borough,Bergen,2015,17610778,2086828
Carlstadt borough,Bergen,2016,16901648,1746442
Carlstadt borough,Bergen,2017,16003467,1767415
Carlstadt borough,Bergen,2018,16696343,1958377
Carlstadt borough,Bergen,2019,15833252,1893197
Carlstadt borough,Bergen,2020,16624547,1700202
Carlstadt borough,Bergen,2021,16416822,1758958
Carneys Point township,Salem,2015,21773671,1435276
Carneys Point township,Salem,2016,21353473,1204463
Carneys Point township,Salem,2017,19858048,1213136
Carneys Point township,Salem,2018,20942793,1465299
Carneys Point township,Salem,2019,20477912,1421615
Carneys Point township,Salem,2020,20422729,1136659
Carneys Point township,Salem,2021,20703087,1264270
Carteret borough,Middlesex,2015,59610310,4711201
Carteret borough,Middlesex,2016,63775672,5037120
Carteret borough,Middlesex,2017,62317207,5227190
Carteret borough,Middlesex,2018,60239886,6109503
Carteret borough,Middlesex,2019,56895792,5553193
Carteret borough,Middlesex,2020,59253127,8707081
Carteret borough,Middlesex,2021,60229708,10640242
Cedar Grove township,Essex,2015,43753318,5087020
Cedar Grove township,Essex,2016,42917578,4188151
Cedar Grove township,Essex,2017,41115187,4438981
Cedar Grove township,Essex,2018,43672401,5005461
Cedar Grove township,Essex,2019,41474204,4805960
Cedar Grove township,Essex,2020,44207263,4470894
Cedar Grove township,Essex,2021,45997170,4853046
Chatham borough,Morris,2015,30330190,3646908
Chatham borough,Morris,2018,29966033,3706067
Chatham borough,Morris,2019,29148561,3477287
Chatham borough,Morris,2020,30055783,3240315
Chatham borough,Morris,2021,31045990,3412470
Chatham township,Morris,2015,46985969,4571519
Chatham township,Morris,2018,46319828,4837731
Chatham township,Morris,2019,44518266,4528181
Chatham township,Morris,2020,45795151,4288658
Chatham township,Morris,2021,47088272,4474503
Cherry Hill township,Camden,2015,269192755,22906191
Cherry Hill township,Camden,2016,264979369,18887834
Cherry Hill township,Camden,2017,250063551,19606448
Cherry Hill township,Camden,2018,262762024,22942602
Cherry Hill township,Camden,2019,253009590,21188794
Cherry Hill township,Camden,2020,257980271,19472464
Cherry Hill township,Camden,2021,261982301,20998385
Chesilhurst borough,Camden,2015,6401082,348848
Chesilhurst borough,Camden,2016,6093197,283521
Chesilhurst borough,Camden,2017,5480490,279959
Chesilhurst borough,Camden,2018,5910047,315261
Chesilhurst borough,Camden,2019,5490931,316110
Chesilhurst borough,Camden,2020,5681425,302546
Chesilhurst borough,Camden,2021,5701710,317822
Chester borough,Morris,2015,7608932,904727
Chester borough,Morris,2018,7396766,977970
Chester borough,Morris,2019,7285587,912074
Chester borough,Morris,2020,7528755,832897
Chester borough,Morris,2021,7612214,869059
Chester township,Morris,2015,44342662,3172924
Chester township,Morris,2018,42674577,3479094
Chester township,Morris,2019,42091003,3326155
Chester township,Morris,2020,42635686,3095713
Chester township,Morris,2021,43697778,3200595
Chesterfield township,Burlington,2015,21307038,1249011
Chesterfield township,Burlington,2016,19790601,1187946
Chesterfield township,Burlington,2017,19116994,1223257
Chesterfield township,Burlington,2018,22475003,1468557
Chesterfield township,Burlington,2019,21838248,1414451
Chesterfield township,Burlington,2020,22540581,1321408
Chesterfield township,Burlington,2021,22756476,1396974
Cinnaminson township,Burlington,2015,60713656,5159213
Cinnaminson township,Burlington,2016,60710819,4713224
Cinnaminson township,Burlington,2017,55726374,4753780
Cinnaminson township,Burlington,2018,62411034,5642630
Cinnaminson township,Burlington,2019,58121755,5080077
Cinnaminson township,Burlington,2020,59762572,4578067
Cinnaminson township,Burlington,2021,60817015,4819460
City of Orange township,Essex,2015,57734737,6663623
City of Orange township,Essex,2016,58654218,6104703
City of Orange township,Essex,2017,56161292,6182905
City of Orange township,Essex,2018,60288874,7001532
City of Orange township,Essex,2019,59245076,6794152
City of Orange township,Essex,2020,61582082,6343106
City of Orange township,Essex,2021,62965274,6683478
Clark township,Union,2015,52336100,4171841
Clark township,Union,2016,52789971,4369027
Clark township,Union,2017,50214049,4580773
Clark township,Union,2018,52856337,5101594
Clark township,Union,2019,50536547,4778868
Clark township,Union,2020,52237069,7222387
Clark township,Union,2021,52694607,9210957
Clayton borough,Gloucester,2015,29559360,2044303
Clayton borough,Gloucester,2016,28590501,1733207
Clayton borough,Gloucester,2017,26385399,1740938
Clayton borough,Gloucester,2018,28379103,2090015
Clayton borough,Gloucester,2019,27135537,1934279
Clayton borough,Gloucester,2020,27342825,1840588
Clayton borough,Gloucester,2021,27666290,1952686
Clementon borough,Camden,2015,50287214,1029852
Clementon borough,Camden,2016,47508531,821035
Clementon borough,Camden,2017,45092238,847730
Clementon borough,Camden,2018,48785717,1057525
Clementon borough,Camden,2019,46290495,1003755
Clementon borough,Camden,2020,46945581,958867
Clementon borough,Camden,2021,48095783,1041163
Cliffside Park borough,Bergen,2015,71119186,4963886
Cliffside Park borough,Bergen,2016,69634144,4590292
Cliffside Park borough,Bergen,2017,67349665,4658562
Cliffside Park borough,Bergen,2018,74866272,5224047
Cliffside Park borough,Bergen,2019,71072367,5048139
Cliffside Park borough,Bergen,2020,71514491,4682480
Cliffside Park borough,Bergen,2021,70846993,4778150
Clifton city,Passaic,2015,212997437,26589246
Clifton city,Passaic,2016,211321940,22424288
Clifton city,Passaic,2017,201604939,23765174
Clifton city,Passaic,2018,213084443,26922016
Clifton city,Passaic,2019,201993267,25610044
Clifton city,Passaic,2020,211063336,23580958
Clifton city,Passaic,2021,211269236,24761234
Clinton town,Hunterdon,2015,11512299,551285
Clinton town,Hunterdon,2018,12052624,712219
Clinton town,Hunterdon,2019,11770821,666761
Clinton town,Hunterdon,2020,11737625,1026766
Clinton town,Hunterdon,2021,12075124,1332322
Clinton township,Hunterdon,2015,56683153,2242923
Clinton township,Hunterdon,2018,55825488,2811904
Clinton township,Hunterdon,2019,54041374,2614292
Clinton township,Hunterdon,2020,55820625,4002072
Clinton township,Hunterdon,2021,56643191,5084313
Closter borough,Bergen,2015,33575319,4355936
Closter borough,Bergen,2016,33058986,3817083
Closter borough,Bergen,2017,31164327,3988879
Closter borough,Bergen,2018,32387359,4399872
Closter borough,Bergen,2019,30530501,4255044
Closter borough,Bergen,2020,32715501,3929154
Closter borough,Bergen,2021,32850128,4129109
Collingswood borough,Camden,2015,38981863,3644516
Collingswood borough,Camden,2016,39028866,3201961
Collingswood borough,Camden,2017,37196688,3254935
Collingswood borough,Camden,2018,40019696,3743447
Collingswood borough,Camden,2019,38911595,3518280
Collingswood borough,Camden,2020,39911410,3188811
Collingswood borough,Camden,2021,40888870,3438949
Colts Neck township,Monmouth,2015,68050335,5344195
Colts Neck township,Monmouth,2018,67342405,5624437
Colts Neck township,Monmouth,2019,64986413,5453856
Colts Neck township,Monmouth,2020,66470045,5228256
Colts Neck township,Monmouth,2021,68332343,5380644
Commercial township,Cumberland,2015,7693997,902537
Commercial township,Cumberland,2016,7257343,815244
Commercial township,Cumberland,2017,6734218,800939
Commercial township,Cumberland,2018,6806114,884374
Commercial township,Cumberland,2019,7254219,921437
Commercial township,Cumberland,2020,6200782,735175
Commercial township,Cumberland,2021,6855627,875260
Corbin City city,Atlantic,2015,2515565,34507
Corbin City city,Atlantic,2016,2375381,30125
Corbin City city,Atlantic,2017,2228961,29901
Corbin City city,Atlantic,2018,2469656,38596
Corbin City city,Atlantic,2019,2388025,35555
Corbin City city,Atlantic,2020,2364607,34156
Corbin City city,Atlantic,2021,2533556,38195
Cranbury township,Middlesex,2015,17546494,1537531
Cranbury township,Middlesex,2016,15285774,1378927
Cranbury township,Middlesex,2017,15378365,1385146
Cranbury township,Middlesex,2018,17722438,1594596
Cranbury township,Middlesex,2019,16564927,1533168
Cranbury township,Middlesex,2020,17406143,1415131
Cranbury township,Middlesex,2021,17554755,1501463
Cranford township,Union,2015,72590172,6626148
Cranford township,Union,2016,72522427,6697398
Cranford township,Union,2017,69389173,7138701
Cranford township,Union,2018,73009871,8182516
Cranford township,Union,2019,69579103,7695409
Cranford township,Union,2020,73544298,10438711
Cranford township,Union,2021,74889328,14607200
Cresskill borough,Bergen,2015,35036638,4483379
Cresskill borough,Bergen,2016,34434069,3855025
Cresskill borough,Bergen,2017,32982710,4073039
Cresskill borough,Bergen,2018,35131887,4504768
Cresskill borough,Bergen,2019,33330501,4389866
Cresskill borough,Bergen,2020,35614827,4080426
Cresskill borough,Bergen,2021,35577973,4257042
Deal borough,Monmouth,2015,17267849,1401864
Deal borough,Monmouth,2018,17757461,1496739
Deal borough,Monmouth,2019,17563380,1436690
Deal borough,Monmouth,2020,21013293,1621044
Deal borough,Monmouth,2021,20700543,1661393
Deerfield township,Cumberland,2015,9506747,383479
Deerfield township,Cumberland,2016,9077131,346192
Deerfield township,Cumberland,2017,8607155,357325
Deerfield township,Cumberland,2018,11816227,425595
Deerfield township,Cumberland,2019,8774494,414305
Deerfield township,Cumberland,2020,8813586,396620
Deerfield township,Cumberland,2021,8920833,425858
Delanco township,Burlington,2015,17545485,1399572
Delanco township,Burlington,2016,17505946,1387066
Delanco township,Burlington,2017,16348877,1404926
Delanco township,Burlington,2018,17105567,1522237
Delanco township,Burlington,2019,16597190,1326079
Delanco township,Burlington,2020,16924959,1225296
Delanco township,Burlington,2021,17551583,1335116
Delaware township,Hunterdon,2015,25178156,120387
Delaware township,Hunterdon,2018,24994506,156947
Delaware township,Hunterdon,2019,24633821,139322
Delaware township,Hunterdon,2020,25238171,226448
Delaware township,Hunterdon,2021,25977616,283782
Delran township,Burlington,2015,59093475,4143602
Delran township,Burlington,2016,58536308,3629685
Delran township,Burlington,2017,55240351,3631421
Delran township,Burlington,2018,58361928,4236944
Delran township,Burlington,2019,56250221,3995003
Delran township,Burlington,2020,57667875,3649768
Delran township,Burlington,2021,57692146,3861398
Demarest borough,Bergen,2015,22684275,2997564
Demarest borough,Bergen,2016,22457683,2588557
Demarest borough,Bergen,2017,21360158,2724860
Demarest borough,Bergen,2018,22081723,3023959
Demarest borough,Bergen,2019,21146044,2962977
Demarest borough,Bergen,2020,22685245,2736814
Demarest borough,Bergen,2021,22646187,2844603
Dennis township,Cape May,2015,29732111,2147343
Dennis township,Cape May,2016,27942251,1827551
Dennis township,Cape May,2017,25839535,1837674
Dennis township,Cape May,2018,32426630,2227555
Dennis township,Cape May,2019,44750044,2127545
Dennis township,Cape May,2020,25412476,1947206
Dennis township,Cape May,2021,31522831,2191029
Denville township,Morris,2015,64099618,5336952
Denville township,Morris,2018,63191466,5662860
Denville township,Morris,2019,61153880,5375168
Denville township,Morris,2020,63239632,5113230
Denville township,Morris,2021,64072985,5164564
Deptford township,Gloucester,2015,91532163,8098199
Deptford township,Gloucester,2016,91375273,7041277
Deptford township,Gloucester,2017,86160544,7085882
Deptford township,Gloucester,2018,89389197,8106883
Deptford township,Gloucester,2019,86463189,7811543
Deptford township,Gloucester,2020,87372405,7087646
Deptford township,Gloucester,2021,88228690,7536693
Dover town,Morris,2015,40585425,3923249
Dover town,Morris,2018,39929004,4231701
Dover town,Morris,2019,38653754,4152285
Dover town,Morris,2020,40103884,3667119
Dover town,Morris,2021,40423625,3976772
Downe township,Cumberland,2015,7041354,216499
Downe township,Cumberland,2016,6509940,201626
Downe township,Cumberland,2017,6015930,190128
Downe township,Cumberland,2018,6290211,213066
Downe township,Cumberland,2019,6113354,223433
Downe township,Cumberland,2020,5769234,169757
Downe township,Cumberland,2021,6250246,218280
Dumont borough,Bergen,2015,49757054,5766430
Dumont borough,Bergen,2016,48822550,4768091
Dumont borough,Bergen,2017,46296898,4962939
Dumont borough,Bergen,2018,49052688,5590804
Dumont borough,Bergen,2019,46156546,5410275
Dumont borough,Bergen,2020,48684542,4974825
Dumont borough,Bergen,2021,48431552,5256588
Dunellen borough,Middlesex,2015,18941024,2083251
Dunellen borough,Middlesex,2016,19156467,1912844
Dunellen borough,Middlesex,2017,17686965,1831826
Dunellen borough,Middlesex,2018,19380571,2221607
Dunellen borough,Middlesex,2019,18365905,2092038
Dunellen borough,Middlesex,2020,18891423,1942644
Dunellen borough,Middlesex,2021,19171831,2072922
Eagleswood township,Ocean,2015,9032179,510312
Eagleswood township,Ocean,2016,8597257,431319
Eagleswood township,Ocean,2017,8118968,450637
Eagleswood township,Ocean,2018,8588193,533385
Eagleswood township,Ocean,2019,8084307,494163
Eagleswood township,Ocean,2020,8289590,474629
Eagleswood township,Ocean,2021,8292415,497732
East Amwell township,Hunterdon,2015,20817183,199315
East Amwell township,Hunterdon,2016,579363,213200
East Amwell township,Hunterdon,2017,558615,220666
East Amwell township,Hunterdon,2018,20473611,255103
East Amwell township,Hunterdon,2019,19998233,230089
East Amwell township,Hunterdon,2020,20260832,364389
East Amwell township,Hunterdon,2021,21013443,460501
East Brunswick township,Middlesex,2015,145986052,15706544
East Brunswick township,Middlesex,2016,108092051,13433873
East Brunswick township,Middlesex,2017,102396430,14105274
East Brunswick township,Middlesex,2018,145107434,16415780
East Brunswick township,Middlesex,2019,137371004,14866374
East Brunswick township,Middlesex,2020,143494401,13736175
East Brunswick township,Middlesex,2021,145374858,14675009
East Greenwich township,Gloucester,2015,41015708,2557245
East Greenwich township,Gloucester,2016,42021510,2269251
East Greenwich township,Gloucester,2017,39751596,2433533
East Greenwich township,Gloucester,2018,40383742,2629054
East Greenwich township,Gloucester,2019,40257325,2631081
East Greenwich township,Gloucester,2020,40628163,2464531
East Greenwich township,Gloucester,2021,41122606,2708282
East Hanover township,Morris,2015,41273659,5325200
East Hanover township,Morris,2018,43844570,5144349
East Hanover township,Morris,2019,41603675,5076030
East Hanover township,Morris,2020,42018141,4641869
East Hanover township,Morris,2021,42224446,4756687
East Newark borough,Hudson,2015,4470778,552006
East Newark borough,Hudson,2016,4456680,493179
East Newark borough,Hudson,2017,4276978,511892
East Newark borough,Hudson,2018,4511191,574560
East Newark borough,Hudson,2019,4248957,561161
East Newark borough,Hudson,2020,4418829,507386
East Newark borough,Hudson,2021,4357659,518277
East Orange city,Essex,2015,121008012,14287201
East Orange city,Essex,2016,120421742,12363036
East Orange city,Essex,2017,117511968,13047882
East Orange city,Essex,2018,125648940,14895132
East Orange city,Essex,2019,126081501,14614242
East Orange city,Essex,2020,132012143,13555519
East Orange city,Essex,2021,135902339,14552572
East Rutherford borough,Bergen,2015,26596901,2281443
East Rutherford borough,Bergen,2016,26476083,1943817
East Rutherford borough,Bergen,2017,25546089,2086574
East Rutherford borough,Bergen,2018,26964034,2368767
East Rutherford borough,Bergen,2019,25516762,2249056
East Rutherford borough,Bergen,2020,26629716,2035462
East Rutherford borough,Bergen,2021,27397557,2198609
East Windsor township,Mercer,2015,81700296,6475826
East Windsor township,Mercer,2016,4365,5471612
East Windsor township,Mercer,2017,8751,5847027
East Windsor township,Mercer,2018,80327998,6672724
East Windsor township,Mercer,2019,77950314,6226159
East Windsor township,Mercer,2020,79118574,5733426
East Windsor township,Mercer,2021,80026040,6164912
Eastampton township,Burlington,2015,21266485,1349632
Eastampton township,Burlington,2016,20915447,1114412
Eastampton township,Burlington,2017,19878714,1170028
Eastampton township,Burlington,2018,21504542,1370259
Eastampton township,Burlington,2019,20966651,1313654
Eastampton township,Burlington,2020,21978386,1257029
Eastampton township,Burlington,2021,23544435,1396743
Eatontown borough,Monmouth,2015,48465270,2745590
Eatontown borough,Monmouth,2018,48751263,2796876
Eatontown borough,Monmouth,2019,47840742,2679977
Eatontown borough,Monmouth,2020,47039450,2223638
Eatontown borough,Monmouth,2021,48748751,2385016
Edgewater borough,Bergen,2015,44708879,1830903
Edgewater borough,Bergen,2016,44608030,1669016
Edgewater borough,Bergen,2017,44321950,1749823
Edgewater borough,Bergen,2018,48162132,2016331
Edgewater borough,Bergen,2019,46474324,1962843
Edgewater borough,Bergen,2020,46684653,1774366
Edgewater borough,Bergen,2021,47440079,1890030
Edgewater Park township,Burlington,2015,27868306,2354349
Edgewater Park township,Burlington,2016,27743348,2055893
Edgewater Park township,Burlington,2017,25884386,2098147
Edgewater Park township,Burlington,2018,27730832,2427358
Edgewater Park township,Burlington,2019,26880152,2277725
Edgewater Park township,Burlington,2020,27006147,2058095
Edgewater Park township,Burlington,2021,27526054,2218536
Edison township,Middlesex,2015,259980328,25320158
Edison township,Middlesex,2016,259624220,24798246
Edison township,Middlesex,2017,244659069,25811812
Edison township,Middlesex,2018,254533870,28866930
Edison township,Middlesex,2019,241683384,26883161
Edison township,Middlesex,2020,251745503,34070072
Edison township,Middlesex,2021,254420154,40055144
Egg Harbor City city,Atlantic,2015,19545943,1037594
Egg Harbor City city,Atlantic,2016,18221257,877807
Egg Harbor City city,Atlantic,2017,16921131,907961
Egg Harbor City city,Atlantic,2018,18333308,1088156
Egg Harbor City city,Atlantic,2019,17539519,1032586
Egg Harbor City city,Atlantic,2020,18141195,986319
Egg Harbor City city,Atlantic,2021,18733831,1079484
Egg Harbor township,Atlantic,2015,117546600,12049200
Egg Harbor township,Atlantic,2016,111120957,9982268
Egg Harbor township,Atlantic,2017,103433850,10361085
Egg Harbor township,Atlantic,2018,113202201,12294627
Egg Harbor township,Atlantic,2019,107040149,11307319
Egg Harbor township,Atlantic,2020,104295333,10690863
Egg Harbor township,Atlantic,2021,106636654,11374913
Elizabeth city,Union,2015,231590862,22749020
Elizabeth city,Union,2016,231712939,23607752
Elizabeth city,Union,2017,231608229,24955509
Elizabeth city,Union,2018,238200220,28248999
Elizabeth city,Union,2019,230291433,26316253
Elizabeth city,Union,2020,239561169,40212953
Elizabeth city,Union,2021,241075827,50556714
Elk township,Gloucester,2015,4346611,436213
Elk township,Gloucester,2016,4140600,408247
Elk township,Gloucester,2017,3970991,492931
Elk township,Gloucester,2018,4244672,630549
Elk township,Gloucester,2019,3967131,624720
Elk township,Gloucester,2020,3908562,584325
Elk township,Gloucester,2021,3942716,641640
Elmer borough,Salem,2015,32389921,323139
Elmer borough,Salem,2016,30597965,272149
Elmer borough,Salem,2017,28433402,282261
Elmer borough,Salem,2018,29533827,340360
Elmer borough,Salem,2019,28160254,314393
Elmer borough,Salem,2020,28846477,295435
Elmer borough,Salem,2021,28887720,320982
Elmwood Park borough,Bergen,2015,52286546,5470553
Elmwood Park borough,Bergen,2016,52379655,5000714
Elmwood Park borough,Bergen,2017,49265633,5046926
Elmwood Park borough,Bergen,2018,51990915,5668063
Elmwood Park borough,Bergen,2019,49393256,5507736
Elmwood Park borough,Bergen,2020,51981410,5062789
Elmwood Park borough,Bergen,2021,50784873,5167061
Elsinboro township,Salem,2016,233209,265
Elsinboro township,Salem,2017,245332,289
Elsinboro township,Salem,2018,290542,372
Elsinboro township,Salem,2019,264824,342
Elsinboro township,Salem,2020,263178,329
Elsinboro township,Salem,2021,260016,345
Emerson borough,Bergen,2015,25457003,2895789
Emerson borough,Bergen,2016,25197191,2661079
Emerson borough,Bergen,2017,23706652,2622079
Emerson borough,Bergen,2018,25156797,2898444
Emerson borough,Bergen,2019,23629371,2802396
Emerson borough,Bergen,2020,25018646,2581162
Emerson borough,Bergen,2021,24398065,2676378
Englewood city,Bergen,2015,88804191,9477341
Englewood city,Bergen,2016,88909923,8587684
Englewood city,Bergen,2017,85465787,8757139
Englewood city,Bergen,2018,90194952,9558849
Englewood city,Bergen,2019,86443780,9363749
Englewood city,Bergen,2020,90292049,8603392
Englewood city,Bergen,2021,90162823,8965745
Englewood Cliffs borough,Bergen,2015,26151777,3746577
Englewood Cliffs borough,Bergen,2016,26234819,3316733
Englewood Cliffs borough,Bergen,2017,24824717,3388794
Englewood Cliffs borough,Bergen,2018,26128397,3865749
Englewood Cliffs borough,Bergen,2019,24854635,3715423
Englewood Cliffs borough,Bergen,2020,26000926,3417754
Englewood Cliffs borough,Bergen,2021,25888024,3516558
Englishtown borough,Monmouth,2015,9595789,705228
Englishtown borough,Monmouth,2018,9193554,714850
Englishtown borough,Monmouth,2019,8676061,687987
Englishtown borough,Monmouth,2020,9013515,670241
Englishtown borough,Monmouth,2021,9322980,673213
Essex Fells borough,Essex,2015,12885634,1727225
Essex Fells borough,Essex,2016,12838548,1588447
Essex Fells borough,Essex,2017,12278197,1613013
Essex Fells borough,Essex,2018,12980203,1774795
Essex Fells borough,Essex,2019,12496646,1710023
Essex Fells borough,Essex,2020,13033365,1588449
Essex Fells borough,Essex,2021,13035793,1610375
Estell Manor city,Atlantic,2015,7897619,48231
Estell Manor city,Atlantic,2016,7371545,41867
Estell Manor city,Atlantic,2017,6902295,40080
Estell Manor city,Atlantic,2018,7336133,49440
Estell Manor city,Atlantic,2019,7059089,44594
Estell Manor city,Atlantic,2020,6798875,45540
Estell Manor city,Atlantic,2021,7183623,48841
Evesham township,Burlington,2015,181417853,12500106
Evesham township,Burlington,2016,177176572,10516747
Evesham township,Burlington,2017,166995622,10827188
Evesham township,Burlington,2018,173829475,12405038
Evesham township,Burlington,2019,168321995,11790084
Evesham township,Burlington,2020,172304714,10907970
Evesham township,Burlington,2021,174112925,11809690
Ewing township,Mercer,2015,106275418,9349447
Ewing township,Mercer,2016,106771590,8562011
Ewing township,Mercer,2017,101930847,8801205
Ewing township,Mercer,2018,107614599,9436480
Ewing township,Mercer,2019,104151010,9259211
Ewing township,Mercer,2020,108731239,8601385
Ewing township,Mercer,2021,111006018,9048288
Fair Haven borough,Monmouth,2015,27079025,2405002
Fair Haven borough,Monmouth,2018,26899452,2557392
Fair Haven borough,Monmouth,2019,25990280,2467951
Fair Haven borough,Monmouth,2020,26695625,2353221
Fair Haven borough,Monmouth,2021,27800891,2399378
Fair Lawn borough,Bergen,2015,97497460,11569662
Fair Lawn borough,Bergen,2016,97124146,10324410
Fair Lawn borough,Bergen,2017,91432826,10459750
Fair Lawn borough,Bergen,2018,96518412,11797032
Fair Lawn borough,Bergen,2019,91070432,11288570
Fair Lawn borough,Bergen,2020,97155612,10464974
Fair Lawn borough,Bergen,2021,96115088,10783606
Fairfield township,Cumberland,2015,5156965,411028
Fairfield township,Cumberland,2016,4717147,377331
Fairfield township,Cumberland,2017,4240293,363157
Fairfield township,Cumberland,2018,4244648,437904
Fairfield township,Cumberland,2019,4020109,411609
Fairfield township,Cumberland,2020,4043244,394346
Fairfield township,Cumberland,2021,4118745,453917
Fairfield township,Essex,2015,31359443,3464039
Fairfield township,Essex,2016,30375820,2980125
Fairfield township,Essex,2017,29546924,3294157
Fairfield township,Essex,2018,30934467,3600965
Fairfield township,Essex,2019,29801499,3592787
Fairfield township,Essex,2020,30864759,3237974
Fairfield township,Essex,2021,30872884,3319558
Fairview borough,Bergen,2015,28138027,2958036
Fairview borough,Bergen,2016,28053964,2739054
Fairview borough,Bergen,2017,26546703,2796132
Fairview borough,Bergen,2018,27993940,3113751
Fairview borough,Bergen,2019,26716689,3014850
Fairview borough,Bergen,2020,28442584,2811098
Fairview borough,Bergen,2021,28445518,2877384
Fanwood borough,Union,2015,24222724,2163820
Fanwood borough,Union,2016,24089257,2199532
Fanwood borough,Union,2017,23473117,2323399
Fanwood borough,Union,2018,24246454,2633326
Fanwood borough,Union,2019,23446349,2530078
Fanwood borough,Union,2020,24562437,3351781
Fanwood borough,Union,2021,24523190,4811173
Far Hills borough,Somerset,2015,7821899,481897
Far Hills borough,Somerset,2018,7857575,528727
Far Hills borough,Somerset,2019,7468446,467476
Far Hills borough,Somerset,2020,7567188,468253
Far Hills borough,Somerset,2021,7943582,486166
Farmingdale borough,Monmouth,2015,5501494,436032
Farmingdale borough,Monmouth,2018,5631628,451940
Farmingdale borough,Monmouth,2019,5443355,439038
Farmingdale borough,Monmouth,2020,5562784,402120
Farmingdale borough,Monmouth,2021,5776145,419500
Fieldsboro borough,Burlington,2015,2013705,157918
Fieldsboro borough,Burlington,2016,1984591,140429
Fieldsboro borough,Burlington,2017,1906345,142366
Fieldsboro borough,Burlington,2018,2084683,168092
Fieldsboro borough,Burlington,2019,1940174,163435
Fieldsboro borough,Burlington,2020,1937601,142258
Fieldsboro borough,Burlington,2021,2001409,155420
Flemington borough,Hunterdon,2015,15380408,796321
Flemington borough,Hunterdon,2018,17203055,1037363
Flemington borough,Hunterdon,2019,15690917,967535
Flemington borough,Hunterdon,2020,16686354,1472348
Flemington borough,Hunterdon,2021,17873181,1932896
Florence township,Burlington,2015,43163959,3452330
Florence township,Burlington,2016,42243923,2859097
Florence township,Burlington,2017,39920931,3018289
Florence township,Burlington,2018,42501936,3498693
Florence township,Burlington,2019,40982167,3230579
Florence township,Burlington,2020,41979936,2967692
Florence township,Burlington,2021,42720689,3230421
Florham Park borough,Morris,2015,46067595,4708390
Florham Park borough,Morris,2018,43569510,4894444
Florham Park borough,Morris,2019,42496755,4758847
Florham Park borough,Morris,2020,44216199,4430454
Florham Park borough,Morris,2021,45824556,4729204
Folsom borough,Atlantic,2015,4578456,256520
Folsom borough,Atlantic,2016,4383822,231582
Folsom borough,Atlantic,2017,4110174,228838
Folsom borough,Atlantic,2018,4407025,309990
Folsom borough,Atlantic,2019,4082735,306657
Folsom borough,Atlantic,2020,4042155,296220
Folsom borough,Atlantic,2021,4141572,310659
Fort Lee borough,Bergen,2015,91092048,6233738
Fort Lee borough,Bergen,2016,90845024,5702254
Fort Lee borough,Bergen,2017,89796123,5844075
Fort Lee borough,Bergen,2018,96474812,6524594
Fort Lee borough,Bergen,2019,92630087,6327608
Fort Lee borough,Bergen,2020,96024894,5751407
Fort Lee borough,Bergen,2021,97959846,6053359
Frankford township,Sussex,2015,16324576,68605
Wrightstown borough,Burlington,2018,3669620,130758
Wrightstown borough,Burlington,2019,3556429,130819
Wrightstown borough,Burlington,2020,3674351,117250
Wrightstown borough,Burlington,2021,3780277,125339
Wyckoff township,Bergen,2015,74316505,9373709
Wyckoff township,Bergen,2016,73713876,8385502
Wyckoff township,Bergen,2017,69652231,8671539
Wyckoff township,Bergen,2018,72857655,9569764
Wyckoff township,Bergen,2019,69116549,9271998
Wyckoff township,Bergen,2020,72650190,8829622
Wyckoff township,Bergen,2021,72477783,9024923