Municipality,County,Year,Total Personal Vehicles,# of EVs,Gas Cars
Aberdeen township, Monmouth ,2015,12240,7,12233
Aberdeen township, Monmouth ,2020,14375,64,14311
Absecon city, Atlantic ,2015,5679,2,5677
Absecon city, Atlantic ,2020,5392,20,5372
Alexandria township, Hunterdon ,2015,3646,4,3642
Alexandria township, Hunterdon ,2020,4097,19,4078
Allamuchy township, Warren ,2015,3549,2,3547
Allamuchy township, Warren ,2020,3912,17,3895
Allendale borough, Bergen ,2015,4418,3,4415
Allendale borough, Bergen ,2020,4321,60,4261
Allenhurst borough, Monmouth ,2015,343,0,343
Allenhurst borough, Monmouth ,2020,327,13,314
Allentown borough, Monmouth ,2015,1344,2,1343
Allentown borough, Monmouth ,2020,1361,18,1343
Alloway township, Salem ,2015,2475,1,2475
Alloway township, Salem ,2020,2766,7,2759
Alpha borough, Warren ,2015,1552,1,1552
Alpha borough, Warren ,2020,1741,4,1737
Alpine borough, Bergen ,2015,1185,11,1174
Alpine borough, Bergen ,2020,1095,56,1039
Andover borough, Sussex ,2015,525,2,523
Andover borough, Sussex ,2020,551,14,537
Andover township, Sussex ,2015,3946,2,3944
Andover township, Sussex ,2020,4252,14,4238
Asbury Park city, Monmouth ,2015,6681,8,6673
Asbury Park city, Monmouth ,2020,8588,73,8515
Atlantic City city, Atlantic ,2015,11389,3,11386
Atlantic City city, Atlantic ,2020,13353,32,13321
Atlantic Highlands borough, Monmouth ,2015,3221,1,3220
Atlantic Highlands borough, Monmouth ,2020,3110,21,3089
Audubon borough, Camden ,2015,6212,1,6211
Audubon borough, Camden ,2020,5875,21,5854
Audubon Park borough, Camden ,2015,743,0,743
Audubon Park borough, Camden ,2020,792,3,789
Avalon borough, Cape May ,2015,1232,1,1231
Avalon borough, Cape May ,2020,1311,54,1257
Avon-by-the-Sea borough, Monmouth ,2015,1423,1,1422
Avon-by-the-Sea borough, Monmouth ,2020,1365,12,1353
Barnegat Light borough, Ocean ,2015,511,0,511
Barnegat Light borough, Ocean ,2020,415,7,408
Barnegat township, Ocean ,2015,14320,5,14315
Barnegat township, Ocean ,2020,16490,46,16444
Barrington borough, Camden ,2015,4520,5,4515
Barrington borough, Camden ,2020,4958,26,4932
Bass River township, Burlington ,2015,1080,0,1080
Bass River township, Burlington ,2020,1051,4,1047
Bay Head borough, Ocean ,2015,756,1,755
Bay Head borough, Ocean ,2020,811,9,802
Bayonne city, Hudson ,2015,30262,10,30252
Bayonne city, Hudson ,2020,30135,89,30046
Beach Haven borough, Ocean ,2015,802,1,801
Beach Haven borough, Ocean ,2020,797,7,790
Beachwood borough, Ocean ,2015,7365,4,7361
Beachwood borough, Ocean ,2020,8002,28,7974
Bedminster township, Somerset ,2015,6854,7,6847
Bedminster township, Somerset ,2020,6866,65,6801
Belleville township, Essex ,2015,18990,4,18986
Belleville township, Essex ,2020,21413,52,21361
Bellmawr borough, Camden ,2015,7034,1,7033
Bellmawr borough, Camden ,2020,6953,22,6931
Belmar borough, Monmouth ,2015,4112,4,4108
Belmar borough, Monmouth ,2020,3869,41,3828
Belvidere town, Warren ,2015,1721,0,1721
Belvidere town, Warren ,2020,1661,4,1657
Bergenfield borough, Bergen ,2015,15182,13,15169
Bergenfield borough, Bergen ,2020,15318,71,15247
Berkeley Heights township, Union ,2015,8724,10,8714
Berkeley Heights township, Union ,2020,9120,134,8986
Berkeley township, Ocean ,2015,29667,11,29656
Berkeley township, Ocean ,2020,31161,98,31063
Berlin borough, Camden ,2015,4560,3,4557
Berlin borough, Camden ,2020,4957,20,4937
Berlin township, Camden ,2015,3128,0,3128
Berlin township, Camden ,2020,3773,12,3761
Bernards township, Somerset ,2015,17670,29,17641
Bernards township, Somerset ,2020,18377,294,18083
Bernardsville borough, Somerset ,2015,5405,5,5400
Bernardsville borough, Somerset ,2020,5260,84,5176
Bethlehem township, Hunterdon ,2015,3091,3,3088
Bethlehem township, Hunterdon ,2020,3349,17,3332
Beverly city, Burlington ,2015,1480,1,1479
Beverly city, Burlington ,2020,1449,3,1446
Blairstown township, Warren ,2015,4311,2,4309
Blairstown township, Warren ,2020,4599,19,4580
Bloomfield township, Essex ,2015,26640,24,26616
Bloomfield township, Essex ,2020,28742,156,28586
Bloomingdale borough, Passaic ,2015,5322,5,5317
Bloomingdale borough, Passaic ,2020,5248,20,5228
Bloomsbury borough, Hunterdon ,2015,583,1,582
Bloomsbury borough, Hunterdon ,2020,709,4,705
Bogota borough, Bergen ,2015,4848,1,4847
Bogota borough, Bergen ,2020,4792,27,4765
Boonton town, Morris ,2015,5544,4,5540
Boonton town, Morris ,2020,5615,52,5563
Boonton township, Morris ,2015,3212,2,3210
Boonton township, Morris ,2020,3046,23,3023
Bordentown city, Burlington ,2015,2583,4,2579
Bordentown city, Burlington ,2020,2779,19,2760
Bordentown township, Burlington ,2015,7897,8,7889
Bordentown township, Burlington ,2020,8691,36,8655
Bound Brook borough, Somerset ,2015,5681,0,5681
Bound Brook borough, Somerset ,2020,5656,24,5632
Bradley Beach borough, Monmouth ,2015,2960,2,2958
Bradley Beach borough, Monmouth ,2020,2751,23,2728
Branchburg township, Somerset ,2015,10341,10,10331
Branchburg township, Somerset ,2020,11119,63,11056
Branchville borough, Sussex ,2015,526,0,526
Branchville borough, Sussex ,2020,766,2,764
Brick township, Ocean ,2015,53207,38,53169
Brick township, Ocean ,2020,55314,181,55133
Bridgeton city, Cumberland ,2015,8152,4,8148
Bridgeton city, Cumberland ,2020,7756,21,7735
Bridgewater township, Somerset ,2015,29384,19,29365
Bridgewater township, Somerset ,2020,30647,340,30307
Brielle borough, Monmouth ,2015,3621,1,3620
Brielle borough, Monmouth ,2020,3293,30,3263
Brigantine city, Atlantic ,2015,6844,4,6840
Brigantine city, Atlantic ,2020,6590,34,6556
Brooklawn borough, Camden ,2015,1131,0,1131
Brooklawn borough, Camden ,2020,1226,3,1223
Buena borough, Atlantic ,2015,2946,0,2946
Buena borough, Atlantic ,2020,2957,5,2952
Buena Vista township, Atlantic ,2015,5217,2,5215
Buena Vista township, Atlantic ,2020,5471,19,5452
Burlington city, Burlington ,2015,6132,6,6126
Burlington city, Burlington ,2020,6107,35,6072
Burlington township, Burlington ,2015,14191,10,14181
Burlington township, Burlington ,2020,15220,58,15162
Butler borough, Morris ,2015,4750,3,4747
Butler borough, Morris ,2020,5730,48,5682
Byram township, Sussex ,2015,6017,4,6013
Byram township, Sussex ,2020,6326,26,6300
Caldwell borough, Essex ,2015,5218,3,5215
Caldwell borough, Essex ,2020,5256,53,5203
Califon borough, Hunterdon ,2015,834,1,833
Califon borough, Hunterdon ,2020,923,9,914
Camden city, Camden ,2015,22752,1,22751
Camden city, Camden ,2020,25563,14,25549
Cape May city, Cape May ,2015,1855,2,1853
Cape May city, Cape May ,2020,1971,32,1939
Cape May Point borough, Cape May ,2015,185,0,185
Cape May Point borough, Cape May ,2020,135,7,128
Carlstadt borough, Bergen ,2015,3752,1,3751
Carlstadt borough, Bergen ,2020,4047,17,4030
Carneys Point township, Salem ,2015,4652,1,4651
Carneys Point township, Salem ,2020,4844,10,4834
Carteret borough, Middlesex ,2015,13234,3,13231
Carteret borough, Middlesex ,2020,13471,29,13442
Cedar Grove township, Essex ,2015,7838,8,7830
Cedar Grove township, Essex ,2020,8062,70,7992
Chatham borough, Morris ,2015,5456,8,5448
Chatham borough, Morris ,2020,5439,89,5350
Chatham township, Morris ,2015,7021,10,7011
Chatham township, Morris ,2020,6737,104,6633
Cherry Hill township, Camden ,2015,46741,59,46682
Cherry Hill township, Camden ,2020,49528,531,48997
Chesilhurst borough, Camden ,2015,976,0,976
Chesilhurst borough, Camden ,2020,874,3,871
Chester borough, Morris ,2015,981,3,978
Chester borough, Morris ,2020,1040,27,1013
Chester township, Morris ,2015,5657,8,5649
Chester township, Morris ,2020,5986,62,5924
Chesterfield township, Burlington ,2015,4181,4,4177
Chesterfield township, Burlington ,2020,3766,53,3713
Cinnaminson township, Burlington ,2015,11661,11,11650
Cinnaminson township, Burlington ,2020,11917,77,11840
City of Orange township, Essex ,2015,10257,2,10255
City of Orange township, Essex ,2020,11311,23,11288
Clark township, Union ,2015,10246,5,10241
Clark township, Union ,2020,11316,56,11260
Clayton borough, Gloucester ,2015,5293,2,5291
Clayton borough, Gloucester ,2020,5853,18,5835
Clementon borough, Camden ,2015,3074,1,3073
Clementon borough, Camden ,2020,3041,9,3032
Cliffside Park borough, Bergen ,2015,13423,5,13418
Cliffside Park borough, Bergen ,2020,14008,57,13951
Clifton city, Passaic ,2015,45145,18,45127
Clifton city, Passaic ,2020,49029,197,48832
Clinton town, Hunterdon ,2015,1671,2,1669
Clinton town, Hunterdon ,2020,1993,26,1967
Clinton township, Hunterdon ,2015,8447,5,8442
Clinton township, Hunterdon ,2020,8970,76,8894
Closter borough, Bergen ,2015,5277,7,5270
Closter borough, Bergen ,2020,5274,105,5169
Collingswood borough, Camden ,2015,8635,10,8625
Collingswood borough, Camden ,2020,9239,67,9172
Colts Neck township, Monmouth ,2015,7156,16,7140
Colts Neck township, Monmouth ,2020,7212,111,7101
Commercial township, Cumberland ,2015,3067,3,3064
Commercial township, Cumberland ,2020,2953,7,2946
Corbin City city, Atlantic ,2015,350,0,350
Corbin City city, Atlantic ,2020,543,1,542
Cranbury township, Middlesex ,2015,2693,3,2690
Cranbury township, Middlesex ,2020,2797,43,2754
Cranford township, Union ,2015,15906,14,15892
Cranford township, Union ,2020,16659,119,16540
Cresskill borough, Bergen ,2015,5602,6,5596
Cresskill borough, Bergen ,2020,5531,95,5436
Deal borough, Monmouth ,2015,542,0,542
Deal borough, Monmouth ,2020,363,37,326
Deerfield township, Cumberland ,2015,2052,1,2051
Deerfield township, Cumberland ,2020,1983,6,1977
Delanco township, Burlington ,2015,3170,2,3168
Delanco township, Burlington ,2020,3377,11,3366
Delaware township, Hunterdon ,2015,3847,4,3843
Delaware township, Hunterdon ,2020,3752,29,3723
Delran township, Burlington ,2015,10852,6,10846
Delran township, Burlington ,2020,11504,37,11467
Demarest borough, Bergen ,2015,3352,7,3345
Demarest borough, Bergen ,2020,3314,98,3216
Dennis township, Cape May ,2015,4924,4,4920
Dennis township, Cape May ,2020,4928,20,4908
Denville township, Morris ,2015,12274,12,12262
Denville township, Morris ,2020,12134,128,12006
Deptford township, Gloucester ,2015,19764,13,19752
Deptford township, Gloucester ,2020,20479,77,20402
Dover town, Morris ,2015,8237,1,8236
Dover town, Morris ,2020,9152,19,9133
Downe township, Cumberland ,2015,1041,1,1041
Downe township, Cumberland ,2020,858,2,856
Dumont borough, Bergen ,2015,11333,5,11328
Dumont borough, Bergen ,2020,11788,48,11740
Dunellen borough, Middlesex ,2015,4345,1,4344
Dunellen borough, Middlesex ,2020,4071,45,4026
Eagleswood township, Ocean ,2015,1187,0,1187
Eagleswood township, Ocean ,2020,1148,6,1142
East Amwell township, Hunterdon ,2015,3185,4,3181
East Amwell township, Hunterdon ,2020,3273,36,3237
East Brunswick township, Middlesex ,2015,31289,27,31262
East Brunswick township, Middlesex ,2020,32528,373,32155
East Greenwich township, Gloucester ,2015,6788,3,6785
East Greenwich township, Gloucester ,2020,7796,61,7735
East Hanover township, Morris ,2015,7866,2,7864
East Hanover township, Morris ,2020,8079,59,8020
East Newark borough, Hudson ,2015,805,0,805
East Newark borough, Hudson ,2020,819,4,815
East Orange city, Essex ,2015,24470,7,24463
East Orange city, Essex ,2020,23862,24,23838
East Rutherford borough, Bergen ,2015,5282,4,5278
East Rutherford borough, Bergen ,2020,6252,29,6223
East Windsor township, Mercer ,2015,16438,16,16422
East Windsor township, Mercer ,2020,16571,165,16406
Eastampton township, Burlington ,2015,4070,3,4067
Eastampton township, Burlington ,2020,4486,15,4471
Eatontown borough, Monmouth ,2015,8738,6,8732
Eatontown borough, Monmouth ,2020,8370,67,8303
Edgewater borough, Bergen ,2015,7021,9,7012
Edgewater borough, Bergen ,2020,8018,108,7910
Edgewater Park township, Burlington ,2015,5794,3,5791
Edgewater Park township, Burlington ,2020,5568,10,5558
Edison township, Middlesex ,2015,60480,47,60433
Edison township, Middlesex ,2020,59239,690,58549
Egg Harbor City city, Atlantic ,2015,2365,2,2363
Egg Harbor City city, Atlantic ,2020,2041,12,2029
Egg Harbor township, Atlantic ,2015,27423,20,27403
Egg Harbor township, Atlantic ,2020,28220,142,28078
Elizabeth city, Union ,2015,45271,3,45268
Elizabeth city, Union ,2020,51731,85,51646
Elk township, Gloucester ,2015,2824,3,2821
Elk township, Gloucester ,2020,2789,19,2770
Elmer borough, Salem ,2015,960,1,959
Elmer borough, Salem ,2020,932,8,924
Elmwood Park borough, Bergen ,2015,11958,4,11954
Elmwood Park borough, Bergen ,2020,11719,34,11685
Elsinboro township, Salem ,2015,836,0,836
Elsinboro township, Salem ,2020,711,2,709
Emerson borough, Bergen ,2015,4756,1,4755
Emerson borough, Bergen ,2020,5155,29,5126
Englewood city, Bergen ,2015,15117,20,15097
Englewood city, Bergen ,2020,16850,141,16709
Englewood Cliffs borough, Bergen ,2015,3556,9,3547
Englewood Cliffs borough, Bergen ,2020,3861,98,3763
Englishtown borough, Monmouth ,2015,1271,1,1270
Englishtown borough, Monmouth ,2020,1223,15,1208
Essex Fells borough, Essex ,2015,1633,2,1631
Essex Fells borough, Essex ,2020,1496,37,1459
Estell Manor city, Atlantic ,2015,1249,0,1249
Estell Manor city, Atlantic ,2020,1254,3,1251
Evesham township, Burlington ,2015,31935,24,31911
Evesham township, Burlington ,2020,33027,204,32823
Ewing township, Mercer ,2015,21607,12,21595
Ewing township, Mercer ,2020,22138,72,22066
Fair Haven borough, Monmouth ,2015,4176,5,4171
Fair Haven borough, Monmouth ,2020,3680,49,3631
Fair Lawn borough, Bergen ,2015,20699,10,20689
Fair Lawn borough, Bergen ,2020,21243,139,21104
Fairfield township, Cumberland ,2015,3082,1,3081
Fairfield township, Cumberland ,2020,3215,6,3209
Fairfield township, Essex ,2015,4874,4,4870
Fairfield township, Essex ,2020,5511,46,5465
Fairview borough, Bergen ,2015,6832,2,6830
Fairview borough, Bergen ,2020,6520,19,6501
Fanwood borough, Union ,2015,4701,6,4695
Fanwood borough, Union ,2020,5232,38,5194
Far Hills borough, Somerset ,2015,800,4,796
Far Hills borough, Somerset ,2020,727,36,691
Farmingdale borough, Monmouth ,2015,1009,3,1006
Farmingdale borough, Monmouth ,2020,900,15,885
Fieldsboro borough, Burlington ,2015,432,0,432
Fieldsboro borough, Burlington ,2020,562,2,560
Flemington borough, Hunterdon ,2015,2383,4,2379
Flemington borough, Hunterdon ,2020,2617,40,2577
Florence township, Burlington ,2015,8951,5,8946
Florence township, Burlington ,2020,9006,40,8966
Florham Park borough, Morris ,2015,7100,8,7092
Florham Park borough, Morris ,2020,7275,79,7196
Folsom borough, Atlantic ,2015,1283,1,1282
Folsom borough, Atlantic ,2020,1150,5,1145
Fort Lee borough, Bergen ,2015,21598,20,21578
Fort Lee borough, Bergen ,2020,21713,231,21482
Frankford township, Sussex ,2015,4182,5,4177
Frankford township, Sussex ,2020,4193,19,4174
Franklin borough, Sussex ,2015,3435,3,3432
Franklin borough, Sussex ,2020,3564,8,3556
Franklin Lakes borough, Bergen ,2015,8589,11,8578
Franklin Lakes borough, Bergen ,2020,8322,151,8171
Franklin township, Gloucester ,2015,11612,10,11602
Franklin township, Gloucester ,2020,12255,45,12210
Franklin township, Hunterdon ,2015,2612,4,2608
Franklin township, Hunterdon ,2020,2825,26,2799
Franklin township, Somerset ,2015,40227,41,40186
Franklin township, Somerset ,2020,42932,383,42549
Franklin township, Warren ,2015,2424,2,2422
Franklin township, Warren ,2020,2471,12,2459
Fredon township, Sussex ,2015,2453,1,2452
Fredon township, Sussex ,2020,2516,8,2508
Freehold borough, Monmouth ,2015,5153,4,5149
Freehold borough, Monmouth ,2020,5562,38,5524
Freehold township, Monmouth ,2015,23432,12,23420
Freehold township, Monmouth ,2020,23664,128,23536
Frelinghuysen township, Warren ,2015,1836,1,1835
Frelinghuysen township, Warren ,2020,1552,7,1545
Frenchtown borough, Hunterdon ,2015,1101,1,1100
Frenchtown borough, Hunterdon ,2020,966,7,959
Galloway township, Atlantic ,2015,21578,12,21566
Galloway township, Atlantic ,2020,23127,72,23055
Garfield city, Bergen ,2015,16654,5,16649
Garfield city, Bergen ,2020,18049,44,18005
Garwood borough, Union ,2015,2937,0,2937
Garwood borough, Union ,2020,2860,12,2848
Gibbsboro borough, Camden ,2015,1535,1,1534
Gibbsboro borough, Camden ,2020,1557,8,1549
Glassboro borough, Gloucester ,2015,10829,4,10825
Glassboro borough, Gloucester ,2020,11346,33,11313
Glen Gardner borough, Hunterdon ,2015,1231,2,1229
Glen Gardner borough, Hunterdon ,2020,1230,10,1220
Glen Ridge borough, Essex ,2015,4361,3,4358
Glen Ridge borough, Essex ,2020,4295,83,4212
Glen Rock borough, Bergen ,2015,7742,8,7734
Glen Rock borough, Bergen ,2020,6767,98,6669
Gloucester City city, Camden ,2015,5867,3,5865
Gloucester City city, Camden ,2020,6325,13,6312
Gloucester township, Camden ,2015,41195,23,41172
Gloucester township, Camden ,2020,40581,125,40456
Green Brook township, Somerset ,2015,4822,2,4820
Green Brook township, Somerset ,2020,4790,42,4748
Green township, Sussex ,2015,2492,2,2490
Green township, Sussex ,2020,2592,11,2581
Greenwich township, Cumberland ,2015,747,0,747
Greenwich township, Cumberland ,2020,413,1,412
Greenwich township, Gloucester ,2015,3560,3,3557
Greenwich township, Gloucester ,2020,3494,6,3488
Greenwich township, Warren ,2015,3700,2,3698
Greenwich township, Warren ,2020,3867,18,3849
Guttenberg town, Hudson ,2015,3686,1,3685
Guttenberg town, Hudson ,2020,4619,18,4601
Hackensack city, Bergen ,2015,22056,14,22042
Hackensack city, Bergen ,2020,23567,90,23477
Hackettstown town, Warren ,2015,5707,3,5704
Hackettstown town, Warren ,2020,5730,33,5697
Haddon Heights borough, Camden ,2015,5052,4,5048
Haddon Heights borough, Camden ,2020,5504,28,5476
Haddon township, Camden ,2015,9557,11,9546
Haddon township, Camden ,2020,9835,80,9755
Haddonfield borough, Camden ,2015,7803,13,7790
Haddonfield borough, Camden ,2020,7545,103,7442
Hainesport township, Burlington ,2015,4666,3,4663
Hainesport township, Burlington ,2020,4882,34,4848
Haledon borough, Passaic ,2015,4196,3,4194
Haledon borough, Passaic ,2020,4477,17,4460
Hamburg borough, Sussex ,2015,2359,2,2358
Hamburg borough, Sussex ,2020,2337,11,2326
Hamilton township, Atlantic ,2015,16283,9,16274
Hamilton township, Atlantic ,2020,16747,51,16696
Hamilton township, Mercer ,2015,58255,32,58224
Hamilton township, Mercer ,2020,60294,256,60038
Hammonton town, Atlantic ,2015,9456,9,9447
Hammonton town, Atlantic ,2020,9278,43,9235
Hampton borough, Hunterdon ,2015,907,1,906
Hampton borough, Hunterdon ,2020,973,6,967
Hampton township, Sussex ,2015,3947,2,3945
Hampton township, Sussex ,2020,3680,13,3667
Hanover township, Morris ,2015,10005,13,9992
Hanover township, Morris ,2020,10681,83,10598
Harding township, Morris ,2015,3074,4,3070
Harding township, Morris ,2020,3210,45,3165
Hardwick township, Warren ,2015,1099,1,1099
Hardwick township, Warren ,2020,1152,6,1146
Hardyston township, Sussex ,2015,6054,4,6050
Hardyston township, Sussex ,2020,6098,22,6076
Harmony township, Warren ,2015,2031,1,2030
Harmony township, Warren ,2020,2198,4,2194
Harrington Park borough, Bergen ,2015,3117,3,3114
Harrington Park borough, Bergen ,2020,3575,38,3537
Harrison town, Hudson ,2015,5730,4,5726
Harrison town, Hudson ,2020,7223,36,7187
Harrison township, Gloucester ,2015,8453,9,8444
Harrison township, Gloucester ,2020,8938,80,8858
Harvey Cedars borough, Ocean ,2015,357,0,357
Harvey Cedars borough, Ocean ,2020,388,3,385
Hasbrouck Heights borough, Bergen ,2015,7454,5,7449
Hasbrouck Heights borough, Bergen ,2020,7190,56,7134
Haworth borough, Bergen ,2015,2358,2,2356
Haworth borough, Bergen ,2020,2289,30,2259
Hawthorne borough, Passaic ,2015,12032,6,12026
Hawthorne borough, Passaic ,2020,12681,52,12629
Hazlet township, Monmouth ,2015,13764,8,13756
Hazlet township, Monmouth ,2020,14045,53,13992
Helmetta borough, Middlesex ,2015,1546,1,1545
Helmetta borough, Middlesex ,2020,1713,10,1703
High Bridge borough, Hunterdon ,2015,2677,0,2677
High Bridge borough, Hunterdon ,2020,2680,13,2667
Highland Park borough, Middlesex ,2015,7642,11,7631
Highland Park borough, Middlesex ,2020,8593,79,8514
Highlands borough, Monmouth ,2015,3595,1,3594
Highlands borough, Monmouth ,2020,3713,17,3696
Hightstown borough, Mercer ,2015,3442,4,3438
Hightstown borough, Mercer ,2020,3211,39,3172
Hillsborough township, Somerset ,2015,26430,30,26400
Hillsborough township, Somerset ,2020,27697,337,27360
Hillsdale borough, Bergen ,2015,6741,2,6739
Hillsdale borough, Bergen ,2020,7288,48,7240
Hillside township, Union ,2015,11814,5,11809
Hillside township, Union ,2020,12545,28,12517
Hi-Nella borough, Camden ,2015,498,1,497
Hi-Nella borough, Camden ,2020,778,3,775
Hoboken city, Hudson ,2015,19782,17,19765
Hoboken city, Hudson ,2020,20009,205,19804
Ho-Ho-Kus borough, Bergen ,2015,2735,7,2728
Ho-Ho-Kus borough, Bergen ,2020,2826,50,2776
Holland township, Hunterdon ,2015,4131,3,4128
Holland township, Hunterdon ,2020,4091,15,4076
Holmdel township, Monmouth ,2015,11350,25,11325
Holmdel township, Monmouth ,2020,12341,202,12139
Hopatcong borough, Sussex ,2015,10925,4,10921
Hopatcong borough, Sussex ,2020,11159,39,11120
Hope township, Warren ,2015,1471,1,1470
Hope township, Warren ,2020,1590,7,1583
Hopewell borough, Mercer ,2015,1424,6,1418
Hopewell borough, Mercer ,2020,1330,34,1296
Hopewell township, Cumberland ,2015,3103,1,3102
Hopewell township, Cumberland ,2020,2983,5,2978
Hopewell township, Mercer ,2015,13216,26,13190
Hopewell township, Mercer ,2020,12631,205,12426
Howell township, Monmouth ,2015,34798,19,34779
Howell township, Monmouth ,2020,35755,177,35578
Independence township, Warren ,2015,4154,2,4152
Independence township, Warren ,2020,4616,16,4600
Interlaken borough, Monmouth ,2015,667,0,667
Interlaken borough, Monmouth ,2020,657,4,653
Irvington township, Essex ,2015,20693,0,20693
Irvington township, Essex ,2020,22268,21,22247
Island Heights borough, Ocean ,2015,1273,2,1271
Island Heights borough, Ocean ,2020,1289,9,1280
Jackson township, Ocean ,2015,38627,21,38606
Jackson township, Ocean ,2020,40229,189,40040
Jamesburg borough, Middlesex ,2015,3463,4,3459
Jamesburg borough, Middlesex ,2020,3806,45,3761
Jefferson township, Morris ,2015,15646,10,15636
Jefferson township, Morris ,2020,15765,57,15708
Jersey City city, Hudson ,2015,81724,49,81675
Jersey City city, Hudson ,2020,88454,737,87717
Keansburg borough, Monmouth ,2015,5778,0,5778
Keansburg borough, Monmouth ,2020,5860,10,5850
Kearny town, Hudson ,2015,20607,8,20599
Kearny town, Hudson ,2020,20519,51,20468
Kenilworth borough, Union ,2015,5293,1,5292
Kenilworth borough, Union ,2020,5182,18,5164
Keyport borough, Monmouth ,2015,4212,3,4209
Keyport borough, Monmouth ,2020,4682,22,4660
Kingwood township, Hunterdon ,2015,3006,3,3003
Kingwood township, Hunterdon ,2020,3142,20,3122
Kinnelon borough, Morris ,2015,7680,3,7677
Kinnelon borough, Morris ,2020,7682,48,7634
Knowlton township, Warren ,2015,2211,1,2210
Knowlton township, Warren ,2020,2377,9,2368
Lacey township, Ocean ,2015,20857,7,20850
Lacey township, Ocean ,2020,22629,65,22564
Lafayette township, Sussex ,2015,1731,1,1730
Lafayette township, Sussex ,2020,1631,6,1625
Lake Como borough, Monmouth ,2015,1054,1,1053
Lake Como borough, Monmouth ,2020,1336,10,1326
Lakehurst borough, Ocean ,2015,1524,2,1522
Lakehurst borough, Ocean ,2020,1819,6,1813
Lakewood township, Ocean ,2015,33720,6,33714
Lakewood township, Ocean ,2020,34782,421,34361
Lambertville city, Hunterdon ,2015,3160,5,3155
Lambertville city, Hunterdon ,2020,2880,36,2844
Laurel Springs borough, Camden ,2015,1267,0,1267
Laurel Springs borough, Camden ,2020,1275,3,1272
Lavallette borough, Ocean ,2015,1597,1,1596
Lavallette borough, Ocean ,2020,1785,6,1779
Lawnside borough, Camden ,2015,1547,0,1547
Lawnside borough, Camden ,2020,1906,6,1900
Lawrence township, Cumberland ,2015,2034,0,2034
Lawrence township, Cumberland ,2020,2164,7,2157
Lawrence township, Mercer ,2015,21570,43,21528
Lawrence township, Mercer ,2020,21566,237,21329
Lebanon borough, Hunterdon ,2015,1347,2,1345
Lebanon borough, Hunterdon ,2020,1511,17,1494
Lebanon township, Hunterdon ,2015,5228,6,5222
Lebanon township, Hunterdon ,2020,5122,35,5087
Leonia borough, Bergen ,2015,5103,7,5096
Leonia borough, Bergen ,2020,5551,54,5497
Liberty township, Warren ,2015,2133,1,2132
Liberty township, Warren ,2020,2313,5,2308
Lincoln Park borough, Morris ,2015,7119,1,7118
Lincoln Park borough, Morris ,2020,7325,25,7300
Linden city, Union ,2015,22877,12,22866
Linden city, Union ,2020,24492,70,24422
Lindenwold borough, Camden ,2015,9546,4,9542
Lindenwold borough, Camden ,2020,9753,27,9726
Linwood city, Atlantic ,2015,4728,1,4727
Linwood city, Atlantic ,2020,4982,40,4942
Little Egg Harbor township, Ocean ,2015,14316,7,14309
Little Egg Harbor township, Ocean ,2020,15732,43,15689
Little Falls township, Passaic ,2015,8799,4,8795
Little Falls township, Passaic ,2020,9770,40,9730
Little Ferry borough, Bergen ,2015,6242,4,6238
Little Ferry borough, Bergen ,2020,6873,21,6852
Little Silver borough, Monmouth ,2015,4255,2,4253
Little Silver borough, Monmouth ,2020,4348,38,4310
Livingston township, Essex ,2015,19288,32,19257
Livingston township, Essex ,2020,20000,382,19618
Loch Arbour village, Monmouth ,2015,132,0,132
Loch Arbour village, Monmouth ,2020,148,6,142
Lodi borough, Bergen ,2015,13518,6,13512
Lodi borough, Bergen ,2020,13523,41,13482
Logan township, Gloucester ,2015,4126,2,4124
Logan township, Gloucester ,2020,4075,23,4052
Long Beach township, Ocean ,2015,2591,2,2589
Long Beach township, Ocean ,2020,2486,21,2465
Long Branch city, Monmouth ,2015,16830,11,16819
Long Branch city, Monmouth ,2020,18358,127,18231
Long Hill township, Morris ,2015,6215,8,6207
Long Hill township, Morris ,2020,6223,77,6146
Longport borough, Atlantic ,2015,735,1,734
Longport borough, Atlantic ,2020,706,9,697
Lopatcong township, Warren ,2015,5458,2,5456
Lopatcong township, Warren ,2020,6098,16,6082
Lower Alloways Creek township, Salem ,2015,1208,0,1208
Lower Alloways Creek township, Salem ,2020,1391,2,1389
Lower township, Cape May ,2015,15385,6,15379
Lower township, Cape May ,2020,16172,94,16078
Lumberton township, Burlington ,2015,8118,6,8112
Lumberton township, Burlington ,2020,8516,49,8467
Lyndhurst township, Bergen ,2015,12696,4,12692
Lyndhurst township, Bergen ,2020,15267,43,15224
Madison borough, Morris ,2015,9726,15,9711
Madison borough, Morris ,2020,10100,147,9953
Magnolia borough, Camden ,2015,2658,3,2655
Magnolia borough, Camden ,2020,2846,9,2837
Mahwah township, Bergen ,2015,16288,12,16276
Mahwah township, Bergen ,2020,17368,161,17207
Manalapan township, Monmouth ,2015,26959,22,26937
Manalapan township, Monmouth ,2020,27480,249,27231
Manasquan borough, Monmouth ,2015,4287,2,4285
Manasquan borough, Monmouth ,2020,4509,44,4465
Manchester township, Ocean ,2015,30775,14,30762
Manchester township, Ocean ,2020,31152,71,31081
Mannington township, Salem ,2015,975,0,975
Mannington township, Salem ,2020,1026,3,1023
Mansfield township, Burlington ,2015,6424,8,6416
Mansfield township, Burlington ,2020,6595,58,6537
Mansfield township, Warren ,2015,5771,4,5767
Mansfield township, Warren ,2020,4903,24,4879
Mantoloking borough, Ocean ,2015,286,0,286
Mantoloking borough, Ocean ,2020,381,4,377
Mantua township, Gloucester ,2015,10726,5,10721
Mantua township, Gloucester ,2020,10543,51,10492
Manville borough, Somerset ,2015,6219,3,6216
Manville borough, Somerset ,2020,6812,18,6794
Maple Shade township, Burlington ,2015,12599,5,12594
Maple Shade township, Burlington ,2020,12503,33,12470
Maplewood township, Essex ,2015,12606,22,12584
Maplewood township, Essex ,2020,13259,208,13051
Margate City city, Atlantic ,2015,4817,3,4814
Margate City city, Atlantic ,2020,4699,56,4643
Marlboro township, Monmouth ,2015,27015,32,26983
Marlboro township, Monmouth ,2020,27464,414,27050
Matawan borough, Monmouth ,2015,5886,4,5882
Matawan borough, Monmouth ,2020,5732,46,5686
Maurice River township, Cumberland ,2015,2178,0,2178
Maurice River township, Cumberland ,2020,1850,2,1848
Maywood borough, Bergen ,2015,5616,4,5612
Maywood borough, Bergen ,2020,6228,28,6200
Medford Lakes borough, Burlington ,2015,3042,3,3039
Medford Lakes borough, Burlington ,2020,2960,26,2934
Medford township, Burlington ,2015,16389,23,16366
Medford township, Burlington ,2020,17470,174,17296
Mendham borough, Morris ,2015,3191,8,3183
Mendham borough, Morris ,2020,3428,55,3373
Mendham township, Morris ,2015,4102,6,4096
Mendham township, Morris ,2020,4408,53,4355
Merchantville borough, Camden ,2015,2262,2,2260
Merchantville borough, Camden ,2020,2120,12,2108
Metuchen borough, Middlesex ,2015,8704,8,8696
Metuchen borough, Middlesex ,2020,8978,84,8894
Middle township, Cape May ,2015,12138,11,12127
Middle township, Cape May ,2020,13110,60,13050
Middlesex borough, Middlesex ,2015,9150,1,9149
Middlesex borough, Middlesex ,2020,9146,23,9123
Middletown township, Monmouth ,2015,45668,32,45636
Middletown township, Monmouth ,2020,46745,233,46512
Midland Park borough, Bergen ,2015,4594,6,4588
Midland Park borough, Bergen ,2020,5123,29,5094
Milford borough, Hunterdon ,2015,865,1,864
Milford borough, Hunterdon ,2020,1011,4,1007
Millburn township, Essex ,2015,12477,26,12451
Millburn township, Essex ,2020,13020,414,12606
Millstone borough, Somerset ,2015,314,0,314
Millstone borough, Somerset ,2020,441,4,437
Millstone township, Monmouth ,2015,7600,13,7587
Millstone township, Monmouth ,2020,8474,75,8399
Milltown borough, Middlesex ,2015,4955,6,4949
Milltown borough, Middlesex ,2020,4894,35,4859
Millville city, Cumberland ,2015,16275,10,16265
Millville city, Cumberland ,2020,18722,43,18679
Mine Hill township, Morris ,2015,2249,0,2249
Mine Hill township, Morris ,2020,2549,7,2542
Monmouth Beach borough, Monmouth ,2015,2518,3,2515
Monmouth Beach borough, Monmouth ,2020,2539,69,2470
Monroe township, Gloucester ,2015,23516,13,23503
Monroe township, Gloucester ,2020,25618,82,25536
Monroe township, Middlesex ,2015,28818,41,28777
Monroe township, Middlesex ,2020,32072,491,31581
Montague township, Sussex ,2015,2681,2,2679
Montague township, Sussex ,2020,3008,11,2997
Montclair township, Essex ,2015,21455,39,21416
Montclair township, Essex ,2020,21667,395,21272
Montgomery township, Somerset ,2015,14935,35,14900
Montgomery township, Somerset ,2020,15454,383,15071
Montvale borough, Bergen ,2015,5358,5,5353
Montvale borough, Bergen ,2020,5634,54,5580
Montville township, Morris ,2015,15160,15,15145
Montville township, Morris ,2020,16031,201,15830
Moonachie borough, Bergen ,2015,1587,1,1586
Moonachie borough, Bergen ,2020,1461,7,1454
Moorestown township, Burlington ,2015,14311,23,14288
Moorestown township, Burlington ,2020,14601,250,14351
Morris Plains borough, Morris ,2015,3833,5,3828
Morris Plains borough, Morris ,2020,4540,49,4491
Morris township, Morris ,2015,15584,20,15564
Morris township, Morris ,2020,16169,165,16004
Morristown town, Morris ,2015,10434,21,10413
Morristown town, Morris ,2020,12924,170,12754
Mount Arlington borough, Morris ,2015,3744,0,3744
Mount Arlington borough, Morris ,2020,4219,14,4205
Mount Ephraim borough, Camden ,2015,2886,1,2885
Mount Ephraim borough, Camden ,2020,3523,13,3510
Mount Holly township, Burlington ,2015,5327,5,5322
Mount Holly township, Burlington ,2020,5580,28,5552
Mount Laurel township, Burlington ,2015,29434,26,29408
Mount Laurel township, Burlington ,2020,30924,228,30696
Mount Olive township, Morris ,2015,19279,11,19268
Mount Olive township, Morris ,2020,19819,102,19717
Mountain Lakes borough, Morris ,2015,2997,6,2991
Mountain Lakes borough, Morris ,2020,2977,90,2887
Mountainside borough, Union ,2015,4626,7,4619
Mountainside borough, Union ,2020,4870,59,4811
Mullica township, Atlantic ,2015,4152,3,4149
Mullica township, Atlantic ,2020,4112,15,4097
National Park borough, Gloucester ,2015,1809,0,1809
National Park borough, Gloucester ,2020,2076,2,2074
Neptune City borough, Monmouth ,2015,2931,1,2930
Neptune City borough, Monmouth ,2020,3334,11,3323
Neptune township, Monmouth ,2015,17382,6,17376
Neptune township, Monmouth ,2020,18577,57,18520
Netcong borough, Morris ,2015,2178,0,2178
Netcong borough, Morris ,2020,2389,5,2384
New Brunswick city, Middlesex ,2015,14721,10,14711
New Brunswick city, Middlesex ,2020,17457,62,17395
New Hanover township, Burlington ,2015,1160,1,1159
New Hanover township, Burlington ,2020,1913,9,1904
New Milford borough, Bergen ,2015,10231,5,10226
New Milford borough, Bergen ,2020,10211,54,10157
New Providence borough, Union ,2015,7562,5,7558
New Providence borough, Union ,2020,9004,103,8901
Newark city, Essex ,2015,79073,20,79053
Newark city, Essex ,2020,92490,141,92349
Newfield borough, Gloucester ,2015,1132,1,1131
Newfield borough, Gloucester ,2020,1093,5,1088
Newton town, Sussex ,2015,4296,3,4293
Newton town, Sussex ,2020,5360,21,5339
North Arlington borough, Bergen ,2015,9560,5,9555
North Arlington borough, Bergen ,2020,10464,34,10430
North Bergen township, Hudson ,2015,25672,8,25664
North Bergen township, Hudson ,2020,25912,94,25818
North Brunswick township, Middlesex ,2015,24907,19,24888
North Brunswick township, Middlesex ,2020,24070,204,23866
North Caldwell borough, Essex ,2015,4728,3,4726
North Caldwell borough, Essex ,2020,4827,37,4790
North Haledon borough, Passaic ,2015,5998,3,5995
North Haledon borough, Passaic ,2020,5594,19,5575
North Hanover township, Burlington ,2015,4696,3,4694
North Hanover township, Burlington ,2020,4970,22,4948
North Plainfield borough, Somerset ,2015,11991,7,11984
North Plainfield borough, Somerset ,2020,13007,35,12972
North Wildwood city, Cape May ,2015,2718,2,2716
North Wildwood city, Cape May ,2020,2724,47,2677
Northfield city, Atlantic ,2015,5516,3,5513
Northfield city, Atlantic ,2020,5601,19,5582
Northvale borough, Bergen ,2015,3156,4,3152
Northvale borough, Bergen ,2020,3434,24,3410
Norwood borough, Bergen ,2015,4133,0,4133
Norwood borough, Bergen ,2020,3698,52,3646
Nutley township, Essex ,2015,18002,7,17995
Nutley township, Essex ,2020,18561,90,18471
Oakland borough, Bergen ,2015,9035,5,9030
Oakland borough, Bergen ,2020,8908,59,8849
Oaklyn borough, Camden ,2015,2709,2,2707
Oaklyn borough, Camden ,2020,2819,13,2806
Ocean City city, Cape May ,2015,7512,5,7507
Ocean City city, Cape May ,2020,8012,89,7923
Ocean Gate borough, Ocean ,2015,1410,0,1410
Ocean Gate borough, Ocean ,2020,1037,3,1034
Ocean township, Monmouth ,2015,18175,13,18162
Ocean township, Monmouth ,2020,18626,146,18480
Ocean township, Ocean ,2015,6884,1,6883
Ocean township, Ocean ,2020,7047,15,7032
Oceanport borough, Monmouth ,2015,4035,3,4032
Oceanport borough, Monmouth ,2020,4623,23,4600
Ogdensburg borough, Sussex ,2015,1743,0,1743
Ogdensburg borough, Sussex ,2020,1580,1,1579
Old Bridge township, Middlesex ,2015,42870,20,42850
Old Bridge township, Middlesex ,2020,44998,234,44764
Old Tappan borough, Bergen ,2015,4104,4,4100
Old Tappan borough, Bergen ,2020,4064,41,4023
Oldmans township, Salem ,2015,1316,0,1316
Oldmans township, Salem ,2020,1229,8,1221
Oradell borough, Bergen ,2015,5314,8,5306
Oradell borough, Bergen ,2020,5657,51,5606
Oxford township, Warren ,2015,1730,1,1729
Oxford township, Warren ,2020,1957,4,1953
Palisades Park borough, Bergen ,2015,9964,3,9961
Palisades Park borough, Bergen ,2020,10493,72,10421
Palmyra borough, Burlington ,2015,5046,9,5037
Palmyra borough, Burlington ,2020,4736,19,4717
Paramus borough, Bergen ,2015,16641,15,16626
Paramus borough, Bergen ,2020,16692,231,16461
Park Ridge borough, Bergen ,2015,5742,4,5738
Park Ridge borough, Bergen ,2020,6357,48,6309
Parsippany-Troy Hills township, Morris ,2015,34684,29,34655
Parsippany-Troy Hills township, Morris ,2020,34525,315,34210
Passaic city, Passaic ,2015,17246,3,17243
Passaic city, Passaic ,2020,20386,42,20344
Paterson city, Passaic ,2015,43819,7,43812
Paterson city, Passaic ,2020,48712,67,48645
Paulsboro borough, Gloucester ,2015,3234,0,3234
Paulsboro borough, Gloucester ,2020,3650,5,3645
Peapack and Gladstone borough, Somerset ,2015,1787,6,1781
Peapack and Gladstone borough, Somerset ,2020,1751,30,1721
Pemberton borough, Burlington ,2015,1032,1,1031
Pemberton borough, Burlington ,2020,1150,5,1145
Pemberton township, Burlington ,2015,18353,11,18343
Pemberton township, Burlington ,2020,18963,50,18913
Pennington borough, Mercer ,2015,1779,6,1774
Pennington borough, Mercer ,2020,1734,55,1679
Penns Grove borough, Salem ,2015,2061,0,2061
Penns Grove borough, Salem ,2020,2209,7,2202
Pennsauken township, Camden ,2015,20879,9,20870
Pennsauken township, Camden ,2020,20601,51,20550
Pennsville township, Salem ,2015,9387,5,9382
Pennsville township, Salem ,2020,9086,16,9070
Pequannock township, Morris ,2015,10514,2,10512
Pequannock township, Morris ,2020,10526,38,10488
Perth Amboy city, Middlesex ,2015,20012,9,20003
Perth Amboy city, Middlesex ,2020,21105,44,21061
Phillipsburg town, Warren ,2015,8309,4,8305
Phillipsburg town, Warren ,2020,8960,22,8938
Pilesgrove township, Salem ,2015,2877,1,2876
Pilesgrove township, Salem ,2020,3084,17,3067
Pine Beach borough, Ocean ,2015,1608,0,1608
Pine Beach borough, Ocean ,2020,1788,5,1783
Pine Hill borough, Camden ,2015,5938,3,5935
Pine Hill borough, Camden ,2020,7069,17,7052
Pine Valley borough, Camden ,2015,2,0,2
Pine Valley borough, Camden ,2020,13,,13
Piscataway township, Middlesex ,2015,30116,26,30090
Piscataway township, Middlesex ,2020,29930,279,29651
Pitman borough, Gloucester ,2015,6148,2,6146
Pitman borough, Gloucester ,2020,5955,29,5926
Pittsgrove township, Salem ,2015,6576,2,6574
Pittsgrove township, Salem ,2020,6765,18,6747
Plainfield city, Union ,2015,20832,16,20816
Plainfield city, Union ,2020,22027,81,21946
Plainsboro township, Middlesex ,2015,15022,21,15001
Plainsboro township, Middlesex ,2020,14771,249,14522
Pleasantville city, Atlantic ,2015,9155,1,9154
Pleasantville city, Atlantic ,2020,9236,7,9229
Plumsted township, Ocean ,2015,5847,2,5845
Plumsted township, Ocean ,2020,6902,23,6879
Pohatcong township, Warren ,2015,2480,1,2479
Pohatcong township, Warren ,2020,2740,6,2734
Point Pleasant Beach borough, Ocean ,2015,3324,4,3320
Point Pleasant Beach borough, Ocean ,2020,3327,32,3295
Point Pleasant borough, Ocean ,2015,13208,10,13199
Point Pleasant borough, Ocean ,2020,14322,73,14249
Pompton Lakes borough, Passaic ,2015,7062,1,7061
Pompton Lakes borough, Passaic ,2020,7385,32,7353
Port Republic city, Atlantic ,2015,759,1,758
Port Republic city, Atlantic ,2020,1104,7,1097
Princeton, Mercer ,2015,14615,54,14561
Princeton, Mercer ,2020,15263,450,14813
Prospect Park borough, Passaic ,2015,2634,2,2632
Prospect Park borough, Passaic ,2020,2489,11,2478
Quinton township, Salem ,2015,1872,0,1872
Quinton township, Salem ,2020,2002,3,1999
Rahway city, Union ,2015,15960,9,15951
Rahway city, Union ,2020,17502,64,17438
Ramsey borough, Bergen ,2015,10570,13,10557
Ramsey borough, Bergen ,2020,10392,84,10308
Randolph township, Morris ,2015,17804,10,17794
Randolph township, Morris ,2020,17731,169,17562
Raritan borough, Somerset ,2015,4431,3,4428
Raritan borough, Somerset ,2020,5228,33,5195
Raritan township, Hunterdon ,2015,15877,14,15863
Raritan township, Hunterdon ,2020,16670,133,16537
Readington township, Hunterdon ,2015,12675,15,12661
Readington township, Hunterdon ,2020,12780,97,12683
Red Bank borough, Monmouth ,2015,6466,9,6457
Red Bank borough, Monmouth ,2020,7444,60,7384
Ridgefield borough, Bergen ,2015,6463,5,6458
Ridgefield borough, Bergen ,2020,6673,26,6647
Ridgefield Park village, Bergen ,2015,6817,8,6809
Ridgefield Park village, Bergen ,2020,7146,38,7108
Ridgewood village, Bergen ,2015,15735,24,15711
Ridgewood village, Bergen ,2020,15805,291,15514
Ringwood borough, Passaic ,2015,8479,7,8472
Ringwood borough, Passaic ,2020,8988,59,8929
River Edge borough, Bergen ,2015,7194,2,7192
River Edge borough, Bergen ,2020,7587,70,7517
River Vale township, Bergen ,2015,6607,7,6600
River Vale township, Bergen ,2020,6916,70,6846
Riverdale borough, Morris ,2015,3326,3,3323
Riverdale borough, Morris ,2020,3258,14,3244
Riverside township, Burlington ,2015,4887,3,4884
Riverside township, Burlington ,2020,4848,17,4831
Riverton borough, Burlington ,2015,1943,2,1941
Riverton borough, Burlington ,2020,1913,12,1901
Robbinsville township, Mercer ,2015,9667,11,9656
Robbinsville township, Mercer ,2020,9874,128,9746
Rochelle Park township, Bergen ,2015,3525,1,3524
Rochelle Park township, Bergen ,2020,3811,11,3800
Rockaway borough, Morris ,2015,4224,4,4221
Rockaway borough, Morris ,2020,4342,25,4317
Rockaway township, Morris ,2015,17039,9,17030
Rockaway township, Morris ,2020,18459,76,18383
Rockleigh borough, Bergen ,2015,164,0,164
Rockleigh borough, Bergen ,2020,174,2,172
Rocky Hill borough, Somerset ,2015,440,1,439
Rocky Hill borough, Somerset ,2020,434,10,424
Roosevelt borough, Monmouth ,2015,526,0,526
Roosevelt borough, Monmouth ,2020,589,5,584
Roseland borough, Essex ,2015,4296,4,4292
Roseland borough, Essex ,2020,4219,54,4165
Roselle borough, Union ,2015,10664,3,10661
Roselle borough, Union ,2020,11487,21,11466
Roselle Park borough, Union ,2015,8058,6,8052
Roselle Park borough, Union ,2020,8612,26,8586
Roxbury township, Morris ,2015,15971,9,15963
Roxbury township, Morris ,2020,17015,63,16952
Rumson borough, Monmouth ,2015,4817,18,4799
Rumson borough, Monmouth ,2020,4605,74,4531
Runnemede borough, Camden ,2015,5025,2,5023
Runnemede borough, Camden ,2020,5272,12,5260
Rutherford borough, Bergen ,2015,11083,6,11077
Rutherford borough, Bergen ,2020,10961,70,10891
Saddle Brook township, Bergen ,2015,9434,1,9433
Saddle Brook township, Bergen ,2020,8792,27,8765
Saddle River borough, Bergen ,2015,2487,8,2479
Saddle River borough, Bergen ,2020,2750,83,2667
Salem city, Salem ,2015,2046,1,2045
Salem city, Salem ,2020,2056,9,2047
Sandyston township, Sussex ,2015,1519,1,1518
Sandyston township, Sussex ,2020,1519,6,1513
Sayreville borough, Middlesex ,2015,27715,9,27706
Sayreville borough, Middlesex ,2020,29313,143,29170
Scotch Plains township, Union ,2015,16037,15,16022
Scotch Plains township, Union ,2020,16886,163,16723
Sea Bright borough, Monmouth ,2015,1108,8,1100
Sea Bright borough, Monmouth ,2020,1040,33,1007
Sea Girt borough, Monmouth ,2015,1349,2,1347
Sea Girt borough, Monmouth ,2020,1350,26,1324
Sea Isle City city, Cape May ,2015,1398,0,1398
Sea Isle City city, Cape May ,2020,1741,39,1702
Seaside Heights borough, Ocean ,2015,1428,1,1428
Seaside Heights borough, Ocean ,2020,1432,8,1424
Seaside Park borough, Ocean ,2015,1357,0,1357
Seaside Park borough, Ocean ,2020,1563,11,1552
Secaucus town, Hudson ,2015,10098,13,10085
Secaucus town, Hudson ,2020,11820,107,11713
Shamong township, Burlington ,2015,4841,4,4838
Shamong township, Burlington ,2020,4859,21,4838
Shiloh borough, Cumberland ,2015,388,0,388
Shiloh borough, Cumberland ,2020,271,1,270
Ship Bottom borough, Ocean ,2015,766,1,765
Ship Bottom borough, Ocean ,2020,888,8,880
Shrewsbury borough, Monmouth ,2015,2685,5,2680
Shrewsbury borough, Monmouth ,2020,2800,23,2777
Shrewsbury township, Monmouth ,2015,693,1,693
Shrewsbury township, Monmouth ,2020,942,6,936
Somerdale borough, Camden ,2015,3442,3,3439
Somerdale borough, Camden ,2020,3798,13,3785
Somers Point city, Atlantic ,2015,6577,1,6576
Somers Point city, Atlantic ,2020,6648,14,6634
Somerville borough, Somerset ,2015,7081,8,7073
Somerville borough, Somerset ,2020,7267,63,7204
South Amboy city, Middlesex ,2015,6190,2,6188
South Amboy city, Middlesex ,2020,5605,23,5582
South Bound Brook borough, Somerset ,2015,2634,3,2631
South Bound Brook borough, Somerset ,2020,2891,19,2872
South Brunswick township, Middlesex ,2015,29344,49,29295
South Brunswick township, Middlesex ,2020,29797,512,29285
South Hackensack township, Bergen ,2015,1415,0,1415
South Hackensack township, Bergen ,2020,1424,6,1418
South Harrison township, Gloucester ,2015,2251,2,2249
South Harrison township, Gloucester ,2020,2215,17,2198
South Orange Village township, Essex ,2015,8398,21,8377
South Orange Village township, Essex ,2020,7968,171,7797
South Plainfield borough, Middlesex ,2015,15601,8,15593
South Plainfield borough, Middlesex ,2020,16529,84,16445
South River borough, Middlesex ,2015,9674,7,9667
South River borough, Middlesex ,2020,9404,33,9371
South Toms River borough, Ocean ,2015,2029,0,2029
South Toms River borough, Ocean ,2020,2154,3,2151
Southampton township, Burlington ,2015,7735,9,7727
Southampton township, Burlington ,2020,7800,50,7750
Sparta township, Sussex ,2015,13563,18,13545
Sparta township, Sussex ,2020,13629,132,13497
Spotswood borough, Middlesex ,2015,5461,2,5459
Spotswood borough, Middlesex ,2020,5654,25,5629
Spring Lake borough, Monmouth ,2015,2218,3,2216
Spring Lake borough, Monmouth ,2020,2412,26,2386
Spring Lake Heights borough, Monmouth ,2015,3506,4,3502
Spring Lake Heights borough, Monmouth ,2020,3240,42,3198
Springfield township, Burlington ,2015,2572,1,2571
Springfield township, Burlington ,2020,2677,11,2666
Springfield township, Union ,2015,11511,4,11507
Springfield township, Union ,2020,12027,70,11957
Stafford township, Ocean ,2015,18722,7,18715
Stafford township, Ocean ,2020,20829,90,20739
Stanhope borough, Sussex ,2015,2584,1,2583
Stanhope borough, Sussex ,2020,2409,7,2402
Stillwater township, Sussex ,2015,3113,1,3112
Stillwater township, Sussex ,2020,3216,10,3206
Stockton borough, Hunterdon ,2015,436,1,436
Stockton borough, Hunterdon ,2020,474,4,470
Stone Harbor borough, Cape May ,2015,648,1,647
Stone Harbor borough, Cape May ,2020,749,24,725
Stow Creek township, Cumberland ,2015,1175,0,1175
Stow Creek township, Cumberland ,2020,815,2,813
Stratford borough, Camden ,2015,4398,2,4396
Stratford borough, Camden ,2020,4584,9,4575
Summit city, Union ,2015,13018,32,12986
Summit city, Union ,2020,13912,224,13688
Surf City borough, Ocean ,2015,939,1,938
Surf City borough, Ocean ,2020,1094,6,1088
Sussex borough, Sussex ,2015,1161,1,1160
Sussex borough, Sussex ,2020,1204,6,1198
Swedesboro borough, Gloucester ,2015,1510,1,1509
Swedesboro borough, Gloucester ,2020,1570,16,1554
Tabernacle township, Burlington ,2015,5297,4,5293
Tabernacle township, Burlington ,2020,6157,23,6134
Tavistock borough, Camden ,2015,6,0,6
Tavistock borough, Camden ,2020,6,1,5
Teaneck township, Bergen ,2015,21614,20,21594
Teaneck township, Bergen ,2020,22086,173,21913
Tenafly borough, Bergen ,2015,8787,17,8770
Tenafly borough, Bergen ,2020,8661,241,8420
Teterboro borough, Bergen ,2015,53,0,53
Teterboro borough, Bergen ,2020,49,1,48
Tewksbury township, Hunterdon ,2015,4920,6,4914
Tewksbury township, Hunterdon ,2020,4419,50,4369
Tinton Falls borough, Monmouth ,2015,11725,7,11718
Tinton Falls borough, Monmouth ,2020,12388,65,12323
Toms River township, Ocean ,2015,61597,27,61570
Toms River township, Ocean ,2020,64822,291,64531
Totowa borough, Passaic ,2015,6392,1,6391
Totowa borough, Passaic ,2020,7197,44,7153
Trenton city, Mercer ,2015,29482,8,29474
Trenton city, Mercer ,2020,31840,69,31771
Tuckerton borough, Ocean ,2015,2256,2,2255
Tuckerton borough, Ocean ,2020,2475,9,2466
Union Beach borough, Monmouth ,2015,3702,2,3700
Union Beach borough, Monmouth ,2020,3875,12,3863
Union City city, Hudson ,2015,17479,5,17474
Union City city, Hudson ,2020,20593,54,20539
Union township, Hunterdon ,2015,3838,4,3835
Union township, Hunterdon ,2020,3365,26,3339
Union township, Union ,2015,34244,9,34235
Union township, Union ,2020,37148,109,37039
Upper Deerfield township, Cumberland ,2015,5580,2,5578
Upper Deerfield township, Cumberland ,2020,4844,9,4835
Upper Freehold township, Monmouth ,2015,5221,3,5218
Upper Freehold township, Monmouth ,2020,5338,42,5296
Upper Pittsgrove township, Salem ,2015,2457,2,2455
Upper Pittsgrove township, Salem ,2020,2506,11,2495
Upper Saddle River borough, Bergen ,2015,5537,12,5525
Upper Saddle River borough, Bergen ,2020,5797,123,5674
Upper township, Cape May ,2015,9243,9,9234
Upper township, Cape May ,2020,9527,39,9488
Ventnor City city, Atlantic ,2015,5786,5,5781
Ventnor City city, Atlantic ,2020,6068,31,6037
Vernon township, Sussex ,2015,16891,12,16879
Vernon township, Sussex ,2020,17451,67,17384
Verona township, Essex ,2015,8811,5,8806
Verona township, Essex ,2020,9179,81,9098
Victory Gardens borough, Morris ,2015,764,0,764
Victory Gardens borough, Morris ,2020,867,2,865
Vineland city, Cumberland ,2015,34378,14,34364
Vineland city, Cumberland ,2020,37321,102,37219
Voorhees township, Camden ,2015,18068,26,18042
Voorhees township, Camden ,2020,19384,241,19143
Waldwick borough, Bergen ,2015,6660,4,6656
Waldwick borough, Bergen ,2020,6463,28,6435
Wall township, Monmouth ,2015,18509,10,18499
Wall township, Monmouth ,2020,19821,119,19702
Wallington borough, Bergen ,2015,7119,3,7116
Wallington borough, Bergen ,2020,7339,27,7312
Walpack township, Sussex ,2015,5,0,5
Walpack township, Sussex ,2020,8,1,7
Wanaque borough, Passaic ,2015,7375,3,7372
Wanaque borough, Passaic ,2020,8215,32,8183
Wantage township, Sussex ,2015,8198,5,8193
Wantage township, Sussex ,2020,8443,27,8416
Warren township, Somerset ,2015,10844,29,10815
Warren township, Somerset ,2020,11357,258,11099
Washington borough, Warren ,2015,4183,4,4180
Washington borough, Warren ,2020,4638,17,4621
Washington township, Bergen ,2015,6483,6,6477
Washington township, Bergen ,2020,6674,59,6615
Washington township, Burlington ,2015,642,0,642
Washington township, Burlington ,2020,499,2,497
Washington township, Gloucester ,2015,31718,18,31700
Washington township, Gloucester ,2020,33559,142,33417
Washington township, Morris ,2015,13313,13,13300
Washington township, Morris ,2020,13124,96,13028
Washington township, Warren ,2015,5015,3,5012
Washington township, Warren ,2020,5262,15,5247
Watchung borough, Somerset ,2015,4166,20,4146
Watchung borough, Somerset ,2020,4082,105,3977
Waterford township, Camden ,2015,6977,5,6973
Waterford township, Camden ,2020,7941,17,7924
Wayne township, Passaic ,2015,34528,19,34509
Wayne township, Passaic ,2020,35517,232,35285
Weehawken township, Hudson ,2015,5957,7,5950
Weehawken township, Hudson ,2020,7680,84,7596
Wenonah borough, Gloucester ,2015,1616,1,1616
Wenonah borough, Gloucester ,2020,1593,8,1585
West Amwell township, Hunterdon ,2015,2305,3,2302
West Amwell township, Hunterdon ,2020,2373,21,2352
West Caldwell township, Essex ,2015,6833,5,6828
West Caldwell township, Essex ,2020,7859,70,7789
West Cape May borough, Cape May ,2015,652,1,652
West Cape May borough, Cape May ,2020,789,9,780
West Deptford township, Gloucester ,2015,14963,3,14960
West Deptford township, Gloucester ,2020,14484,44,14440
West Long Branch borough, Monmouth ,2015,4810,7,4803
West Long Branch borough, Monmouth ,2020,5048,54,4994
West Milford township, Passaic ,2015,18726,9,18717
West Milford township, Passaic ,2020,19828,67,19761
West New York town, Hudson ,2015,15049,4,15045
West New York town, Hudson ,2020,15432,94,15338
West Orange township, Essex ,2015,27101,21,27080
West Orange township, Essex ,2020,27309,254,27055
West Wildwood borough, Cape May ,2015,331,0,331
West Wildwood borough, Cape May ,2020,313,6,307
West Windsor township, Mercer ,2015,17832,53,17779
West Windsor township, Mercer ,2020,18347,508,17839
Westampton township, Burlington ,2015,6096,5,6092
Westampton township, Burlington ,2020,6395,22,6373
Westfield town, Union ,2015,19416,23,19393
Westfield town, Union ,2020,19514,268,19246
Westville borough, Gloucester ,2015,2659,1,2658
Westville borough, Gloucester ,2020,2545,5,2540
Westwood borough, Bergen ,2015,6877,11,6866
Westwood borough, Bergen ,2020,7258,105,7153
Weymouth township, Atlantic ,2015,2012,1,2011
Weymouth township, Atlantic ,2020,2456,5,2451
Wharton borough, Morris ,2015,3623,0,3623
Wharton borough, Morris ,2020,4081,17,4064
White township, Warren ,2015,3516,1,3515
White township, Warren ,2020,3418,8,3410
Wildwood city, Cape May ,2015,2840,2,2838
Wildwood city, Cape May ,2020,2382,48,2334
Wildwood Crest borough, Cape May ,2015,2345,1,2344
Wildwood Crest borough, Cape May ,2020,2610,29,2581
Willingboro township, Burlington ,2015,18547,10,18537
Willingboro township, Burlington ,2020,20513,41,20472
Winfield township, Union ,2015,970,1,970
Winfield township, Union ,2020,1181,4,1177
Winslow township, Camden ,2015,24412,17,24395
Winslow township, Camden ,2020,24874,105,24769
Woodbine borough, Cape May ,2015,1159,1,1158
Woodbine borough, Cape May ,2020,1431,5,1426
Woodbridge township, Middlesex ,2015,57597,26,57571
Woodbridge township, Middlesex ,2020,59139,278,58861
Woodbury city, Gloucester ,2015,5726,5,5721
Woodbury city, Gloucester ,2020,5994,24,5970
Woodbury Heights borough, Gloucester ,2015,2070,2,2068
Woodbury Heights borough, Gloucester ,2020,2285,6,2279
Woodcliff Lake borough, Bergen ,2015,4213,6,4207
Woodcliff Lake borough, Bergen ,2020,4042,62,3980
Woodland Park borough, Passaic ,2015,7417,4,7413
Woodland Park borough, Passaic ,2020,7975,42,7933
Woodland township, Burlington ,2015,1020,0,1020
Woodland township, Burlington ,2020,1295,6,1289
Woodlynne borough, Camden ,2015,1086,1,1085
Woodlynne borough, Camden ,2020,1093,7,1086
Wood-Ridge borough, Bergen ,2015,5230,6,5224
Wood-Ridge borough, Bergen ,2020,6009,71,5938
Woodstown borough, Salem ,2015,2396,1,2395
Woodstown borough, Salem ,2020,2362,15,2347
Woolwich township, Gloucester ,2015,7378,4,7374
Woolwich township, Gloucester ,2020,7964,51,7913
Wrightstown borough, Burlington ,2015,404,0,404
Wrightstown borough, Burlington ,2020,384,6,378
Wyckoff township, Bergen ,2015,11639,9,11630
Wyckoff township, Bergen ,2020,11582,119,11463
